time [s],CHANNEL1 [V]
-0.0025,0.5562499328
-0.0024975,0.5562499328
-0.0024950000000000003,0.5562499328
-0.0024925,0.5624999424
-0.00249,0.5624999424
-0.0024875,0.5624999424
-0.0024850000000000002,0.568749952
-0.0024825,0.5624999424
-0.00248,0.5749999616
-0.0024775,0.5624999424
-0.002475,0.5749999616
-0.0024725,0.5749999616
-0.00247,0.5812499712
-0.0024675,0.5812499712
-0.002465,0.5749999616
-0.0024625,0.5812499712
-0.00246,0.5812499712
-0.0024575,0.5812499712
-0.002455,0.5874999808
-0.0024525000000000003,0.5874999808
-0.00245,0.5874999808
-0.0024475,0.5874999808
-0.002445,0.5937499904
-0.0024425000000000002,0.5874999808
-0.00244,0.6
-0.0024375,0.6
-0.002435,0.5937499904
-0.0024325,0.6
-0.00243,0.6
-0.0024275,0.6
-0.002425,0.6062500096
-0.0024225,0.5937499904
-0.00242,0.6062500096
-0.0024175,0.6062500096
-0.002415,0.6062500096
-0.0024125,0.6187500288
-0.0024100000000000002,0.6125000192
-0.0024075,0.6187500288
-0.002405,0.6125000192
-0.0024025,0.6187500288
-0.0024000000000000002,0.6250000384
-0.0023975,0.6187500288
-0.002395,0.6125000192
-0.0023925,0.6250000384
-0.00239,0.631250048
-0.0023875,0.6250000384
-0.002385,0.631250048
-0.0023825,0.631250048
-0.00238,0.631250048
-0.0023775,0.6375000576
-0.002375,0.6375000576
-0.0023725,0.6375000576
-0.00237,0.6500000767999999
-0.0023675,0.6437500671999999
-0.002365,0.6500000767999999
-0.0023625,0.6437500671999999
-0.00236,0.6562500863999999
-0.0023575000000000002,0.6562500863999999
-0.002355,0.6500000767999999
-0.0023525,0.6562500863999999
-0.00235,0.6500000767999999
-0.0023475,0.6562500863999999
-0.002345,0.662500096
-0.0023425,0.662500096
-0.00234,0.6562500863999999
-0.0023375,0.662500096
-0.002335,0.662500096
-0.0023325,0.662500096
-0.00233,0.6687501056
-0.0023275,0.6750001152
-0.002325,0.6687501056
-0.0023225,0.6687501056
-0.00232,0.6875001344
-0.0023175,0.6750001152
-0.0023150000000000002,0.693750144
-0.0023125,0.6875001344
-0.00231,0.6875001344
-0.0023075,0.6875001344
-0.002305,0.6875001344
-0.0023025,0.693750144
-0.0023,0.6750001152
-0.0022975,0.6812501248
-0.002295,0.6687501056
-0.0022925,0.6687501056
-0.00229,0.6750001152
-0.0022875,0.6750001152
-0.002285,0.662500096
-0.0022825,0.6687501056
-0.00228,0.6687501056
-0.0022775,0.662500096
-0.002275,0.6687501056
-0.0022725,0.662500096
-0.00227,0.662500096
-0.0022675,0.6562500863999999
-0.002265,0.6562500863999999
-0.0022625,0.662500096
-0.00226,0.6562500863999999
-0.0022575,0.662500096
-0.002255,0.6562500863999999
-0.0022525,0.6562500863999999
-0.0022500000000000003,0.6562500863999999
-0.0022475,0.6500000767999999
-0.002245,0.6500000767999999
-0.0022425,0.6500000767999999
-0.00224,0.6437500671999999
-0.0022375,0.6437500671999999
-0.002235,0.6437500671999999
-0.0022325,0.6437500671999999
-0.00223,0.6375000576
-0.0022275,0.6375000576
-0.002225,0.6375000576
-0.0022225,0.6375000576
-0.00222,0.6375000576
-0.0022175,0.6375000576
-0.002215,0.631250048
-0.0022125,0.6375000576
-0.00221,0.631250048
-0.0022075000000000003,0.631250048
-0.002205,0.6375000576
-0.0022025,0.631250048
-0.0022,0.6250000384
-0.0021975,0.6125000192
-0.002195,0.6187500288
-0.0021925,0.6187500288
-0.00219,0.6125000192
-0.0021875,0.6187500288
-0.002185,0.6125000192
-0.0021825,0.6125000192
-0.00218,0.6062500096
-0.0021775,0.6187500288
-0.002175,0.6125000192
-0.0021725,0.6062500096
-0.00217,0.6125000192
-0.0021675,0.6062500096
-0.0021650000000000003,0.6062500096
-0.0021625,0.6062500096
-0.00216,0.6062500096
-0.0021575,0.6
-0.002155,0.6062500096
-0.0021525,0.6
-0.00215,0.6
-0.0021475,0.5937499904
-0.002145,0.5937499904
-0.0021425,0.5937499904
-0.00214,0.5874999808
-0.0021375,0.5874999808
-0.002135,0.5874999808
-0.0021325,0.5812499712
-0.00213,0.5874999808
-0.0021275,0.5874999808
-0.002125,0.5812499712
-0.0021225000000000003,0.5812499712
-0.00212,0.5812499712
-0.0021175,0.5749999616
-0.002115,0.5749999616
-0.0021125,0.5749999616
-0.00211,0.5749999616
-0.0021075,0.5749999616
-0.002105,0.568749952
-0.0021025,0.5624999424
-0.0021,0.568749952
-0.0020975,0.5624999424
-0.002095,0.5562499328
-0.0020925,0.5624999424
-0.00209,0.5624999424
-0.0020875,0.5499999232
-0.002085,0.5499999232
-0.0020825,0.5437499136
-0.0020800000000000003,0.5499999232
-0.0020775,0.5499999232
-0.002075,0.5437499136
-0.0020725,0.5437499136
-0.00207,0.5374999039999999
-0.0020675,0.5312498943999999
-0.002065,0.5374999039999999
-0.0020625,0.5374999039999999
-0.00206,0.5374999039999999
-0.0020575,0.5312498943999999
-0.002055,0.5312498943999999
-0.0020525,0.5249998847999999
-0.00205,0.5249998847999999
-0.0020475,0.5249998847999999
-0.002045,0.5249998847999999
-0.0020425,0.5187498751999999
-0.00204,0.5187498751999999
-0.0020375000000000002,0.5124998655999999
-0.002035,0.5124998655999999
-0.0020325,0.5062498559999999
-0.00203,0.5062498559999999
-0.0020275,0.5062498559999999
-0.002025,0.5062498559999999
-0.0020225,0.5062498559999999
-0.00202,0.49999984639999995
-0.0020175,0.49374983679999995
-0.002015,0.49999984639999995
-0.0020125,0.5062498559999999
-0.00201,0.49999984639999995
-0.0020075,0.49374983679999995
-0.002005,0.49374983679999995
-0.0020025,0.49374983679999995
-0.002,0.48749982719999996
-0.0019975,0.48749982719999996
-0.0019950000000000002,0.48749982719999996
-0.0019925,0.48124981759999996
-0.00199,0.47499980799999997
-0.0019875,0.47499980799999997
-0.001985,0.47499980799999997
-0.0019825,0.47499980799999997
-0.00198,0.4687497984
-0.0019775,0.4687497984
-0.001975,0.4687497984
-0.0019725,0.4624997888
-0.00197,0.4624997888
-0.0019675,0.4624997888
-0.001965,0.4562497792
-0.0019625,0.4624997888
-0.00196,0.4499997696
-0.0019575,0.4562497792
-0.001955,0.44374976
-0.0019525,0.4562497792
-0.00195,0.44374976
-0.0019475,0.44374976
-0.0019450000000000001,0.4499997696
-0.0019425,0.44374976
-0.0019399999999999999,0.44374976
-0.0019375,0.4374997504
-0.001935,0.4312497408
-0.0019325,0.4312497408
-0.0019299999999999999,0.4249997312
-0.0019275,0.4249997312
-0.001925,0.4249997312
-0.0019225000000000002,0.4187497216
-0.00192,0.4249997312
-0.0019175,0.41249971199999996
-0.001915,0.41249971199999996
-0.0019125000000000001,0.4187497216
-0.00191,0.40624970239999997
-0.0019075,0.4187497216
-0.001905,0.3999996928
-0.0019025000000000001,0.41249971199999996
-0.0019,0.40624970239999997
-0.0018974999999999999,0.40624970239999997
-0.001895,0.41249971199999996
-0.0018925,0.3999996928
-0.00189,0.3937496832
-0.0018874999999999999,0.3999996928
-0.001885,0.3874996736
-0.0018825,0.3937496832
-0.0018800000000000002,0.3874996736
-0.0018775,0.38124966399999993
-0.001875,0.3874996736
-0.0018725,0.38124966399999993
-0.0018700000000000001,0.37499965439999994
-0.0018675,0.38124966399999993
-0.001865,0.37499965439999994
-0.0018625,0.38124966399999993
-0.00186,0.37499965439999994
-0.0018575,0.37499965439999994
-0.0018549999999999999,0.37499965439999994
-0.0018525,0.36874964479999994
-0.00185,0.37499965439999994
-0.0018475,0.35624962559999995
-0.0018449999999999999,0.36249963519999995
-0.0018425,0.35624962559999995
-0.00184,0.35624962559999995
-0.0018375000000000002,0.36249963519999995
-0.001835,0.34374960639999996
-0.0018325,0.34999961599999996
-0.00183,0.34999961599999996
-0.0018275000000000001,0.34999961599999996
-0.001825,0.34374960639999996
-0.0018225,0.33749959679999997
-0.00182,0.34374960639999996
-0.0018175,0.33749959679999997
-0.001815,0.34374960639999996
-0.0018124999999999999,0.33749959679999997
-0.00181,0.33749959679999997
-0.0018075,0.3312495872
-0.001805,0.3312495872
-0.0018024999999999998,0.33749959679999997
-0.0018,0.3312495872
-0.0017975,0.3249995776
-0.0017950000000000002,0.3312495872
-0.0017925,0.3249995776
-0.00179,0.318749568
-0.0017875,0.318749568
-0.0017850000000000001,0.3124995584
-0.0017825,0.318749568
-0.00178,0.3062495488
-0.0017775,0.3124995584
-0.001775,0.3124995584
-0.0017725,0.3124995584
-0.0017699999999999999,0.3124995584
-0.0017675,0.2999995392
-0.001765,0.2999995392
-0.0017625,0.3062495488
-0.0017599999999999998,0.2999995392
-0.0017575,0.3062495488
-0.001755,0.2999995392
-0.0017525000000000002,0.2999995392
-0.00175,0.29374952959999995
-0.0017475,0.29374952959999995
-0.001745,0.29374952959999995
-0.0017425000000000001,0.29374952959999995
-0.00174,0.29374952959999995
-0.0017375,0.28749951999999995
-0.001735,0.28124951039999996
-0.0017325,0.27499950079999996
-0.00173,0.28749951999999995
-0.0017274999999999999,0.27499950079999996
-0.001725,0.27499950079999996
-0.0017225,0.27499950079999996
-0.00172,0.26874949119999997
-0.0017174999999999998,0.26874949119999997
-0.001715,0.27499950079999996
-0.0017125,0.26874949119999997
-0.0017100000000000001,0.26874949119999997
-0.0017075,0.26874949119999997
-0.001705,0.26874949119999997
-0.0017025,0.27499950079999996
-0.0017000000000000001,0.26874949119999997
-0.0016975,0.2624994816
-0.001695,0.27499950079999996
-0.0016925,0.2624994816
-0.00169,0.2624994816
-0.0016875,0.256249472
-0.0016849999999999999,0.256249472
-0.0016825,0.24999946239999998
-0.00168,0.256249472
-0.0016775,0.2437494528
-0.0016749999999999998,0.24999946239999998
-0.0016725,0.2437494528
-0.00167,0.24999946239999998
-0.0016675000000000001,0.21874941439999995
-0.001665,0.256249472
-0.0016625,0.24999946239999998
-0.00166,0.2624994816
-0.0016575000000000001,0.2624994816
-0.001655,0.2624994816
-0.0016524999999999999,0.26874949119999997
-0.00165,0.2624994816
-0.0016475,0.26874949119999997
-0.001645,0.27499950079999996
-0.0016424999999999999,0.26874949119999997
-0.00164,0.27499950079999996
-0.0016375,0.26874949119999997
-0.001635,0.26874949119999997
-0.0016324999999999998,0.28124951039999996
-0.00163,0.28124951039999996
-0.0016275,0.28124951039999996
-0.0016250000000000001,0.28124951039999996
-0.0016225,0.29374952959999995
-0.00162,0.29374952959999995
-0.0016175,0.28749951999999995
-0.0016150000000000001,0.29374952959999995
-0.0016125,0.29374952959999995
-0.0016099999999999999,0.2999995392
-0.0016075,0.2999995392
-0.001605,0.2999995392
-0.0016025,0.3062495488
-0.0015999999999999999,0.2999995392
-0.0015975,0.318749568
-0.001595,0.3124995584
-0.0015925,0.3124995584
-0.0015899999999999998,0.3249995776
-0.0015875,0.3124995584
-0.001585,0.318749568
-0.0015825000000000001,0.318749568
-0.00158,0.318749568
-0.0015775,0.318749568
-0.001575,0.3312495872
-0.0015725000000000001,0.318749568
-0.00157,0.318749568
-0.0015674999999999999,0.3312495872
-0.001565,0.33749959679999997
-0.0015625,0.3249995776
-0.00156,0.33749959679999997
-0.0015574999999999999,0.33749959679999997
-0.001555,0.33749959679999997
-0.0015525,0.34374960639999996
-0.00155,0.34374960639999996
-0.0015474999999999998,0.34374960639999996
-0.001545,0.34999961599999996
-0.0015425,0.34999961599999996
-0.00154,0.34999961599999996
-0.0015375,0.35624962559999995
-0.001535,0.35624962559999995
-0.0015325,0.36249963519999995
-0.0015300000000000001,0.35624962559999995
-0.0015275,0.35624962559999995
-0.0015249999999999999,0.36874964479999994
-0.0015225,0.36249963519999995
-0.0015199999999999999,0.36874964479999994
-0.0015175,0.36249963519999995
-0.001515,0.36874964479999994
-0.0015125,0.37499965439999994
-0.00151,0.38124966399999993
-0.0015075,0.38124966399999993
-0.001505,0.38124966399999993
-0.0015025,0.38124966399999993
-0.0015,0.3874996736
-0.0014975,0.3874996736
-0.001495,0.3874996736
-0.0014925,0.38124966399999993
-0.00149,0.3874996736
-0.0014874999999999999,0.3874996736
-0.001485,0.3937496832
-0.0014824999999999999,0.3874996736
-0.00148,0.3937496832
-0.0014774999999999999,0.3999996928
-0.001475,0.40624970239999997
-0.0014725,0.3999996928
-0.00147,0.3999996928
-0.0014675,0.40624970239999997
-0.001465,0.41249971199999996
-0.0014625,0.41249971199999996
-0.00146,0.41249971199999996
-0.0014575,0.41249971199999996
-0.001455,0.4187497216
-0.0014525,0.4249997312
-0.00145,0.41249971199999996
-0.0014475,0.4249997312
-0.0014449999999999999,0.4249997312
-0.0014425,0.4187497216
-0.0014399999999999999,0.4312497408
-0.0014375,0.4249997312
-0.0014349999999999999,0.4312497408
-0.0014325,0.4374997504
-0.00143,0.4249997312
-0.0014275,0.4312497408
-0.001425,0.44374976
-0.0014225,0.4374997504
-0.00142,0.44374976
-0.0014175,0.44374976
-0.001415,0.4499997696
-0.0014125,0.44374976
-0.00141,0.4499997696
-0.0014075,0.4562497792
-0.001405,0.4499997696
-0.0014024999999999999,0.4562497792
-0.0014,0.4562497792
-0.0013974999999999999,0.4624997888
-0.001395,0.4624997888
-0.0013924999999999999,0.4624997888
-0.00139,0.4624997888
-0.0013875,0.4624997888
-0.001385,0.4687497984
-0.0013825,0.4624997888
-0.00138,0.4687497984
-0.0013775,0.4687497984
-0.001375,0.4687497984
-0.0013725,0.4687497984
-0.00137,0.48124981759999996
-0.0013675,0.48124981759999996
-0.001365,0.48124981759999996
-0.0013625,0.47499980799999997
-0.0013599999999999999,0.48124981759999996
-0.0013575,0.48749982719999996
-0.0013549999999999999,0.48124981759999996
-0.0013525,0.49374983679999995
-0.0013499999999999999,0.48124981759999996
-0.0013475,0.49374983679999995
-0.001345,0.49999984639999995
-0.0013425,0.49999984639999995
-0.00134,0.49999984639999995
-0.0013375,0.49999984639999995
-0.001335,0.49999984639999995
-0.0013325,0.5062498559999999
-0.00133,0.49999984639999995
-0.0013275,0.49999984639999995
-0.001325,0.49999984639999995
-0.0013224999999999999,0.5062498559999999
-0.00132,0.5124998655999999
-0.0013174999999999999,0.5124998655999999
-0.001315,0.5124998655999999
-0.0013124999999999999,0.5124998655999999
-0.00131,0.5187498751999999
-0.0013074999999999999,0.5187498751999999
-0.001305,0.5187498751999999
-0.0013025,0.5312498943999999
-0.0013,0.5249998847999999
-0.0012975,0.5249998847999999
-0.001295,0.5312498943999999
-0.0012925,0.5312498943999999
-0.00129,0.5312498943999999
-0.0012875,0.5374999039999999
-0.001285,0.5249998847999999
-0.0012825,0.5374999039999999
-0.0012799999999999999,0.5374999039999999
-0.0012775,0.5374999039999999
-0.0012749999999999999,0.5374999039999999
-0.0012725,0.5374999039999999
-0.0012699999999999999,0.5437499136
-0.0012675,0.5499999232
-0.0012649999999999998,0.5499999232
-0.0012625,0.5499999232
-0.00126,0.5499999232
-0.0012575,0.5499999232
-0.001255,0.5562499328
-0.0012525,0.5624999424
-0.00125,0.5499999232
-0.0012475,0.5624999424
-0.001245,0.5624999424
-0.0012425,0.5624999424
-0.00124,0.568749952
-0.0012374999999999999,0.5562499328
-0.001235,0.568749952
-0.0012324999999999999,0.568749952
-0.00123,0.5562499328
-0.0012274999999999999,0.5749999616
-0.001225,0.568749952
-0.0012224999999999998,0.568749952
-0.00122,0.5812499712
-0.0012175,0.5749999616
-0.001215,0.5749999616
-0.0012125,0.5749999616
-0.00121,0.5749999616
-0.0012075,0.5874999808
-0.001205,0.5874999808
-0.0012025,0.5937499904
-0.0012,0.5937499904
-0.0011975,0.5937499904
-0.0011949999999999999,0.5812499712
-0.0011925,0.5874999808
-0.0011899999999999999,0.6
-0.0011875,0.6
-0.0011849999999999999,0.5937499904
-0.0011825,0.6
-0.0011799999999999998,0.6
-0.0011775,0.6
-0.001175,0.6062500096
-0.0011725,0.6062500096
-0.00117,0.6062500096
-0.0011675,0.6062500096
-0.001165,0.6125000192
-0.0011625,0.6125000192
-0.00116,0.6187500288
-0.0011575,0.6187500288
-0.001155,0.6125000192
-0.0011524999999999999,0.6187500288
-0.00115,0.6125000192
-0.0011474999999999999,0.6250000384
-0.001145,0.631250048
-0.0011424999999999999,0.6250000384
-0.00114,0.6250000384
-0.0011374999999999998,0.631250048
-0.001135,0.631250048
-0.0011325,0.631250048
-0.00113,0.6375000576
-0.0011275,0.6375000576
-0.001125,0.6375000576
-0.0011225,0.631250048
-0.00112,0.6500000767999999
-0.0011175,0.6500000767999999
-0.0011149999999999999,0.6500000767999999
-0.0011125,0.6437500671999999
-0.0011099999999999999,0.6437500671999999
-0.0011075,0.6500000767999999
-0.0011049999999999999,0.6437500671999999
-0.0011025,0.6562500863999999
-0.0010999999999999998,0.6562500863999999
-0.0010975,0.662500096
-0.0010949999999999998,0.662500096
-0.0010925,0.662500096
-0.00109,0.662500096
-0.0010875,0.6687501056
-0.001085,0.6687501056
-0.0010825,0.6687501056
-0.00108,0.662500096
-0.0010775,0.6812501248
-0.001075,0.6687501056
-0.0010724999999999999,0.6687501056
-0.00107,0.6812501248
-0.0010674999999999999,0.6750001152
-0.001065,0.6812501248
-0.0010624999999999999,0.693750144
-0.00106,0.6812501248
-0.0010574999999999998,0.6812501248
-0.001055,0.6875001344
-0.0010524999999999998,0.6875001344
-0.00105,0.6750001152
-0.0010475,0.6812501248
-0.001045,0.6812501248
-0.0010425,0.6687501056
-0.00104,0.6687501056
-0.0010375,0.6750001152
-0.001035,0.6750001152
-0.0010325,0.6687501056
-0.0010299999999999999,0.6687501056
-0.0010275,0.6750001152
-0.0010249999999999999,0.6562500863999999
-0.0010225,0.662500096
-0.0010199999999999999,0.662500096
-0.0010175,0.6562500863999999
-0.0010149999999999998,0.662500096
-0.0010125,0.6562500863999999
-0.0010099999999999998,0.6562500863999999
-0.0010075,0.6562500863999999
-0.001005,0.6562500863999999
-0.0010025,0.6562500863999999
-0.001,0.6437500671999999
-0.0009975,0.6437500671999999
-0.000995,0.6500000767999999
-0.0009925,0.6437500671999999
-0.00099,0.6562500863999999
-0.0009874999999999999,0.6437500671999999
-0.000985,0.6500000767999999
-0.0009824999999999999,0.6500000767999999
-0.00098,0.6375000576
-0.0009774999999999999,0.6500000767999999
-0.000975,0.6375000576
-0.0009724999999999998,0.6375000576
-0.0009699999999999999,0.6375000576
-0.0009674999999999998,0.631250048
-0.0009649999999999999,0.631250048
-0.0009625,0.6375000576
-0.0009599999999999999,0.631250048
-0.0009575,0.631250048
-0.0009549999999999999,0.6250000384
-0.0009525,0.6250000384
-0.0009499999999999999,0.631250048
-0.0009475,0.6250000384
-0.0009449999999999999,0.6250000384
-0.0009425,0.6187500288
-0.0009399999999999999,0.6187500288
-0.0009375,0.6187500288
-0.0009349999999999999,0.6187500288
-0.0009325,0.6187500288
-0.0009299999999999998,0.6125000192
-0.0009274999999999999,0.6062500096
-0.0009249999999999998,0.6062500096
-0.0009224999999999999,0.6062500096
-0.00092,0.6062500096
-0.0009174999999999999,0.6
-0.000915,0.6062500096
-0.0009124999999999999,0.6
-0.00091,0.6
-0.0009074999999999999,0.6
-0.000905,0.5937499904
-0.0009024999999999999,0.6
-0.0009,0.5937499904
-0.0008974999999999999,0.5937499904
-0.000895,0.6
-0.0008924999999999998,0.5874999808
-0.00089,0.5937499904
-0.0008874999999999998,0.5874999808
-0.0008849999999999999,0.5812499712
-0.0008824999999999998,0.5874999808
-0.0008799999999999999,0.5874999808
-0.0008775,0.5874999808
-0.0008749999999999999,0.5749999616
-0.0008725,0.5749999616
-0.0008699999999999999,0.5812499712
-0.0008675,0.5749999616
-0.0008649999999999999,0.568749952
-0.0008625,0.5624999424
-0.0008599999999999999,0.568749952
-0.0008575,0.568749952
-0.0008549999999999999,0.5624999424
-0.0008525,0.5624999424
-0.0008499999999999998,0.568749952
-0.0008475,0.5624999424
-0.0008449999999999998,0.5562499328
-0.0008424999999999999,0.5624999424
-0.0008399999999999998,0.5562499328
-0.0008374999999999999,0.5562499328
-0.000835,0.5562499328
-0.0008324999999999999,0.5499999232
-0.00083,0.5499999232
-0.0008274999999999999,0.5499999232
-0.000825,0.5437499136
-0.0008224999999999999,0.5437499136
-0.00082,0.5437499136
-0.0008174999999999999,0.5374999039999999
-0.000815,0.5374999039999999
-0.0008124999999999999,0.5312498943999999
-0.00081,0.5374999039999999
-0.0008074999999999998,0.5374999039999999
-0.0008049999999999999,0.5312498943999999
-0.0008024999999999998,0.5374999039999999
-0.0007999999999999999,0.5249998847999999
-0.0007974999999999998,0.5249998847999999
-0.0007949999999999999,0.5249998847999999
-0.0007925,0.5187498751999999
-0.0007899999999999999,0.5187498751999999
-0.0007875,0.5187498751999999
-0.0007849999999999999,0.5187498751999999
-0.0007825,0.5124998655999999
-0.0007799999999999999,0.5187498751999999
-0.0007775,0.5124998655999999
-0.0007749999999999999,0.5062498559999999
-0.0007725,0.49999984639999995
-0.0007699999999999999,0.49999984639999995
-0.0007675,0.5062498559999999
-0.0007649999999999998,0.49374983679999995
-0.0007624999999999999,0.49374983679999995
-0.0007599999999999998,0.49374983679999995
-0.0007574999999999999,0.49374983679999995
-0.0007549999999999998,0.48124981759999996
-0.0007524999999999999,0.49374983679999995
-0.00075,0.48124981759999996
-0.0007474999999999999,0.48749982719999996
-0.000745,0.48124981759999996
-0.0007424999999999999,0.48124981759999996
-0.00074,0.48749982719999996
-0.0007374999999999999,0.47499980799999997
-0.000735,0.48124981759999996
-0.0007324999999999999,0.47499980799999997
-0.00073,0.4687497984
-0.0007274999999999998,0.4687497984
-0.000725,0.4624997888
-0.0007224999999999998,0.4687497984
-0.0007199999999999999,0.4624997888
-0.0007174999999999998,0.4562497792
-0.0007149999999999999,0.4624997888
-0.0007124999999999998,0.4562497792
-0.0007099999999999999,0.4499997696
-0.0007075,0.44374976
-0.0007049999999999999,0.44374976
-0.0007025,0.4499997696
-0.0006999999999999999,0.4499997696
-0.0006975,0.44374976
-0.0006949999999999999,0.44374976
-0.0006925,0.4374997504
-0.0006899999999999999,0.4374997504
-0.0006875,0.4374997504
-0.0006849999999999998,0.4374997504
-0.0006825,0.4374997504
-0.0006799999999999998,0.4312497408
-0.0006774999999999999,0.4312497408
-0.0006749999999999998,0.4249997312
-0.0006724999999999999,0.4249997312
-0.0006699999999999998,0.4249997312
-0.0006674999999999999,0.4187497216
-0.000665,0.4187497216
-0.0006624999999999999,0.41249971199999996
-0.00066,0.41249971199999996
-0.0006574999999999999,0.41249971199999996
-0.000655,0.40624970239999997
-0.0006524999999999999,0.3999996928
-0.00065,0.40624970239999997
-0.0006474999999999999,0.3999996928
-0.000645,0.3999996928
-0.0006424999999999998,0.3999996928
-0.0006399999999999999,0.3999996928
-0.0006374999999999998,0.3999996928
-0.0006349999999999999,0.3937496832
-0.0006324999999999998,0.3937496832
-0.0006299999999999999,0.3874996736
-0.0006274999999999998,0.3874996736
-0.0006249999999999999,0.3874996736
-0.0006225,0.38124966399999993
-0.0006199999999999999,0.37499965439999994
-0.0006175,0.36874964479999994
-0.0006149999999999999,0.38124966399999993
-0.0006125,0.36249963519999995
-0.0006099999999999999,0.37499965439999994
-0.0006075,0.36874964479999994
-0.0006049999999999999,0.36874964479999994
-0.0006025,0.36874964479999994
-0.0005999999999999998,0.36874964479999994
-0.0005974999999999999,0.36874964479999994
-0.0005949999999999998,0.36249963519999995
-0.0005924999999999999,0.35624962559999995
-0.0005899999999999998,0.36249963519999995
-0.0005874999999999999,0.35624962559999995
-0.0005849999999999998,0.36249963519999995
-0.0005824999999999999,0.35624962559999995
-0.0005799999999999998,0.34374960639999996
-0.0005774999999999999,0.34999961599999996
-0.000575,0.34999961599999996
-0.0005724999999999999,0.34374960639999996
-0.00057,0.34374960639999996
-0.0005674999999999999,0.3312495872
-0.000565,0.33749959679999997
-0.0005624999999999998,0.3312495872
-0.00056,0.33749959679999997
-0.0005574999999999998,0.33749959679999997
-0.0005549999999999999,0.3249995776
-0.0005524999999999998,0.3249995776
-0.0005499999999999999,0.3249995776
-0.0005474999999999998,0.3249995776
-0.0005449999999999999,0.3249995776
-0.0005425,0.3249995776
-0.0005399999999999997,0.3249995776
-0.0005374999999999998,0.318749568
-0.0005349999999999999,0.3249995776
-0.0005325,0.318749568
-0.0005300000000000001,0.3249995776
-0.0005274999999999998,0.3124995584
-0.0005249999999999999,0.3124995584
-0.0005225,0.3062495488
-0.0005200000000000001,0.3062495488
-0.0005174999999999997,0.2999995392
-0.0005149999999999998,0.2999995392
-0.0005124999999999999,0.29374952959999995
-0.00051,0.2999995392
-0.0005074999999999997,0.2999995392
-0.0005049999999999998,0.29374952959999995
-0.0005024999999999999,0.29374952959999995
-0.0005,0.29374952959999995
-0.0004974999999999997,0.29374952959999995
-0.0004949999999999998,0.28749951999999995
-0.0004924999999999999,0.28749951999999995
-0.00049,0.28749951999999995
-0.0004875000000000001,0.28749951999999995
-0.00048499999999999975,0.28749951999999995
-0.00048249999999999986,0.28749951999999995
-0.00047999999999999996,0.28124951039999996
-0.00047750000000000006,0.28124951039999996
-0.00047499999999999973,0.29374952959999995
-0.00047249999999999983,0.27499950079999996
-0.00046999999999999993,0.26874949119999997
-0.00046750000000000003,0.26874949119999997
-0.0004649999999999997,0.26874949119999997
-0.0004624999999999998,0.2624994816
-0.0004599999999999999,0.26874949119999997
-0.0004575,0.26874949119999997
-0.0004549999999999997,0.2624994816
-0.0004524999999999998,0.2624994816
-0.0004499999999999999,0.2624994816
-0.0004475,0.26874949119999997
-0.0004450000000000001,0.2624994816
-0.00044249999999999975,0.256249472
-0.00043999999999999985,0.256249472
-0.00043749999999999995,0.256249472
-0.00043500000000000006,0.256249472
-0.0004324999999999997,0.256249472
-0.0004299999999999998,0.24999946239999998
-0.00042749999999999993,0.24999946239999998
-0.00042500000000000003,0.24999946239999998
-0.0004224999999999997,0.24999946239999998
-0.0004199999999999998,0.2437494528
-0.0004174999999999999,0.2437494528
-0.000415,0.24999946239999998
-0.00041249999999999967,0.2437494528
-0.0004099999999999998,0.256249472
-0.0004074999999999999,0.256249472
-0.000405,0.256249472
-0.0004025000000000001,0.256249472
-0.00039999999999999975,0.256249472
-0.00039749999999999985,0.27499950079999996
-0.00039499999999999995,0.256249472
-0.00039250000000000005,0.26874949119999997
-0.0003899999999999997,0.27499950079999996
-0.0003874999999999998,0.26874949119999997
-0.0003849999999999999,0.26874949119999997
-0.00038250000000000003,0.27499950079999996
-0.0003799999999999997,0.28124951039999996
-0.0003774999999999998,0.28749951999999995
-0.0003749999999999999,0.28749951999999995
-0.0003725,0.28124951039999996
-0.00036999999999999967,0.28749951999999995
-0.00036749999999999977,0.28749951999999995
-0.0003649999999999999,0.28749951999999995
-0.0003625,0.29374952959999995
-0.0003600000000000001,0.29374952959999995
-0.00035749999999999975,0.29374952959999995
-0.00035499999999999985,0.29374952959999995
-0.00035249999999999995,0.2999995392
-0.00035000000000000005,0.29374952959999995
-0.0003474999999999997,0.3062495488
-0.0003449999999999998,0.3124995584
-0.0003424999999999999,0.2999995392
-0.00034,0.3124995584
-0.0003374999999999997,0.3062495488
-0.0003349999999999998,0.3249995776
-0.0003324999999999999,0.318749568
-0.00033,0.318749568
-0.00032749999999999967,0.318749568
-0.00032499999999999977,0.318749568
-0.00032249999999999987,0.3249995776
-0.00031999999999999997,0.3249995776
-0.0003175000000000001,0.3312495872
-0.00031499999999999974,0.3312495872
-0.00031249999999999984,0.3312495872
-0.00030999999999999995,0.3312495872
-0.00030750000000000005,0.33749959679999997
-0.0003049999999999997,0.33749959679999997
-0.0003024999999999998,0.33749959679999997
-0.0002999999999999999,0.33749959679999997
-0.0002975,0.34374960639999996
-0.0002949999999999997,0.34374960639999996
-0.0002924999999999998,0.34999961599999996
-0.0002899999999999999,0.34999961599999996
-0.0002875,0.34999961599999996
-0.00028499999999999966,0.35624962559999995
-0.00028249999999999977,0.36249963519999995
-0.00027999999999999987,0.36249963519999995
-0.00027749999999999997,0.36249963519999995
-0.00027500000000000007,0.36249963519999995
-0.00027249999999999974,0.36874964479999994
-0.00026999999999999984,0.36249963519999995
-0.00026749999999999994,0.36249963519999995
-0.00026500000000000004,0.37499965439999994
-0.0002624999999999997,0.37499965439999994
-0.0002599999999999998,0.37499965439999994
-0.0002574999999999999,0.38124966399999993
-0.000255,0.38124966399999993
-0.0002524999999999997,0.38124966399999993
-0.0002499999999999998,0.38124966399999993
-0.0002474999999999999,0.3874996736
-0.000245,0.3874996736
-0.00024249999999999966,0.3874996736
-0.00023999999999999976,0.3937496832
-0.00023749999999999986,0.3874996736
-0.00023499999999999997,0.3999996928
-0.00023250000000000007,0.3937496832
-0.00022999999999999974,0.3999996928
-0.00022749999999999984,0.40624970239999997
-0.00022499999999999994,0.40624970239999997
-0.00022250000000000004,0.41249971199999996
-0.0002199999999999997,0.3999996928
-0.0002174999999999998,0.40624970239999997
-0.0002149999999999999,0.41249971199999996
-0.00021250000000000002,0.41249971199999996
-0.00020999999999999968,0.41249971199999996
-0.00020749999999999979,0.4187497216
-0.0002049999999999999,0.4187497216
-0.0002025,0.4187497216
-0.00019999999999999966,0.41249971199999996
-0.00019749999999999976,0.4249997312
-0.00019499999999999986,0.4249997312
-0.00019249999999999996,0.4249997312
-0.00019000000000000006,0.4249997312
-0.00018749999999999973,0.4312497408
-0.00018499999999999983,0.4374997504
-0.00018249999999999994,0.4312497408
-0.00018000000000000004,0.4374997504
-0.0001774999999999997,0.44374976
-0.0001749999999999998,0.44374976
-0.0001724999999999999,0.44374976
-0.00017,0.4499997696
-0.00016749999999999968,0.4499997696
-0.00016499999999999978,0.4499997696
-0.00016249999999999988,0.44374976
-0.00015999999999999999,0.4499997696
-0.00015749999999999965,0.4562497792
-0.00015499999999999976,0.44374976
-0.00015249999999999986,0.4562497792
-0.00014999999999999996,0.4562497792
-0.00014750000000000006,0.4562497792
-0.00014499999999999973,0.4562497792
-0.00014249999999999983,0.4624997888
-0.00013999999999999993,0.47499980799999997
-0.00013750000000000004,0.4624997888
-0.0001349999999999997,0.4687497984
-0.0001324999999999998,0.47499980799999997
-0.0001299999999999999,0.4687497984
-0.0001275,0.47499980799999997
-0.00012499999999999968,0.47499980799999997
-0.00012249999999999978,0.48124981759999996
-0.00011999999999999988,0.47499980799999997
-0.00011749999999999998,0.48749982719999996
-0.00011499999999999965,0.48749982719999996
-0.00011249999999999975,0.47499980799999997
-0.00010999999999999985,0.48749982719999996
-0.00010749999999999996,0.48124981759999996
-0.00010500000000000006,0.48749982719999996
-0.00010249999999999973,0.48749982719999996
-9.999999999999983e-05,0.48124981759999996
-9.749999999999993e-05,0.49999984639999995
-9.500000000000003e-05,0.49374983679999995
-9.24999999999997e-05,0.49374983679999995
-8.99999999999998e-05,0.49999984639999995
-8.74999999999999e-05,0.49999984639999995
-8.5e-05,0.5062498559999999
-8.249999999999967e-05,0.5062498559999999
-7.999999999999978e-05,0.5062498559999999
-7.749999999999988e-05,0.5062498559999999
-7.499999999999998e-05,0.5062498559999999
-7.249999999999965e-05,0.5062498559999999
-6.999999999999975e-05,0.5124998655999999
-6.749999999999985e-05,0.5124998655999999
-6.499999999999995e-05,0.5124998655999999
-6.250000000000006e-05,0.5124998655999999
-5.9999999999999724e-05,0.5124998655999999
-5.7499999999999826e-05,0.5187498751999999
-5.499999999999993e-05,0.5187498751999999
-5.250000000000003e-05,0.5124998655999999
-4.99999999999997e-05,0.5187498751999999
-4.74999999999998e-05,0.5249998847999999
-4.49999999999999e-05,0.5249998847999999
-4.25e-05,0.5312498943999999
-3.999999999999967e-05,0.5249998847999999
-3.749999999999977e-05,0.5312498943999999
-3.4999999999999875e-05,0.5374999039999999
-3.249999999999998e-05,0.5374999039999999
-2.9999999999999645e-05,0.5312498943999999
-2.7499999999999747e-05,0.5437499136
-2.499999999999985e-05,0.5437499136
-2.249999999999995e-05,0.5437499136
-2.0000000000000052e-05,0.5437499136
-1.749999999999972e-05,0.5437499136
-1.4999999999999823e-05,0.5499999232
-1.2499999999999924e-05,0.5437499136
-1.0000000000000026e-05,0.5437499136
-7.499999999999694e-06,0.5437499136
-4.999999999999796e-06,0.5499999232
-2.499999999999898e-06,0.5562499328
0.0,0.5624999424
2.500000000000332e-06,0.5562499328
5.00000000000023e-06,0.5562499328
7.500000000000128e-06,0.5562499328
1.0000000000000026e-05,0.5624999424
1.2500000000000358e-05,0.5624999424
1.5000000000000256e-05,0.568749952
1.7500000000000154e-05,0.5624999424
2.0000000000000052e-05,0.5749999616
2.249999999999995e-05,0.568749952
2.5000000000000282e-05,0.5749999616
2.750000000000018e-05,0.5749999616
3.000000000000008e-05,0.5749999616
3.249999999999998e-05,0.5812499712
3.500000000000031e-05,0.5749999616
3.750000000000021e-05,0.5812499712
4.0000000000000105e-05,0.5749999616
4.25e-05,0.5812499712
4.5000000000000335e-05,0.5937499904
4.750000000000023e-05,0.5874999808
5.000000000000013e-05,0.5874999808
5.250000000000003e-05,0.5874999808
5.500000000000036e-05,0.5937499904
5.750000000000026e-05,0.5874999808
6.000000000000016e-05,0.6
6.250000000000006e-05,0.5874999808
6.499999999999995e-05,0.5937499904
6.750000000000029e-05,0.6
7.000000000000018e-05,0.6
7.250000000000008e-05,0.6062500096
7.499999999999998e-05,0.6
7.750000000000031e-05,0.6125000192
8.000000000000021e-05,0.6062500096
8.250000000000011e-05,0.6062500096
8.5e-05,0.6187500288
8.750000000000034e-05,0.6062500096
9.000000000000024e-05,0.6062500096
9.250000000000013e-05,0.6125000192
9.500000000000003e-05,0.6125000192
9.750000000000036e-05,0.6187500288
0.00010000000000000026,0.6187500288
0.00010250000000000016,0.6187500288
0.00010500000000000006,0.6187500288
0.00010749999999999996,0.6187500288
0.00011000000000000029,0.6250000384
0.00011250000000000019,0.631250048
0.00011500000000000008,0.631250048
0.00011749999999999998,0.631250048
0.00012000000000000031,0.6375000576
0.0001225000000000002,0.6375000576
0.0001250000000000001,0.6375000576
0.0001275,0.6437500671999999
0.00013000000000000034,0.6437500671999999
0.00013250000000000024,0.6437500671999999
0.00013500000000000014,0.6500000767999999
0.00013750000000000004,0.6500000767999999
0.00014000000000000037,0.6562500863999999
0.00014250000000000027,0.6500000767999999
0.00014500000000000016,0.6562500863999999
0.00014750000000000006,0.6500000767999999
0.00014999999999999996,0.6500000767999999
0.0001525000000000003,0.662500096
0.0001550000000000002,0.6562500863999999
0.0001575000000000001,0.662500096
0.00015999999999999999,0.6562500863999999
0.00016250000000000032,0.6687501056
0.00016500000000000022,0.6750001152
0.00016750000000000011,0.6687501056
0.00017,0.6750001152
0.00017250000000000034,0.6687501056
0.00017500000000000024,0.6750001152
0.00017750000000000014,0.6687501056
0.00018000000000000004,0.6750001152
0.00018250000000000037,0.6812501248
0.00018500000000000027,0.6812501248
0.00018750000000000017,0.6875001344
0.00019000000000000006,0.6812501248
0.00019249999999999996,0.693750144
0.0001950000000000003,0.6812501248
0.0001975000000000002,0.6875001344
0.0002000000000000001,0.6812501248
0.0002025,0.6812501248
0.00020500000000000032,0.6750001152
0.00020750000000000022,0.6687501056
0.00021000000000000012,0.6750001152
0.00021250000000000002,0.6687501056
0.00021500000000000035,0.6687501056
0.00021750000000000025,0.662500096
0.00022000000000000014,0.6687501056
0.00022250000000000004,0.6687501056
0.00022500000000000037,0.6687501056
0.00022750000000000027,0.6750001152
0.00023000000000000017,0.6562500863999999
0.00023250000000000007,0.6687501056
0.00023499999999999997,0.662500096
0.0002375000000000003,0.6562500863999999
0.0002400000000000002,0.6562500863999999
0.0002425000000000001,0.6500000767999999
0.000245,0.6500000767999999
0.0002475000000000003,0.6562500863999999
0.0002500000000000002,0.6500000767999999
0.0002525000000000001,0.6500000767999999
0.000255,0.6437500671999999
0.00025750000000000035,0.6437500671999999
0.00026000000000000025,0.6500000767999999
0.00026250000000000015,0.6437500671999999
0.00026500000000000004,0.6562500863999999
0.0002675000000000004,0.6437500671999999
0.0002700000000000003,0.6437500671999999
0.00027250000000000017,0.6437500671999999
0.00027500000000000007,0.6375000576
0.00027749999999999997,0.6500000767999999
0.0002800000000000003,0.6375000576
0.0002825000000000002,0.6375000576
0.0002850000000000001,0.6437500671999999
0.0002875,0.631250048
0.0002900000000000003,0.6375000576
0.0002925000000000002,0.631250048
0.0002950000000000001,0.6125000192
0.0002975,0.6250000384
0.00030000000000000035,0.6250000384
0.00030250000000000025,0.6125000192
0.00030500000000000015,0.6125000192
0.00030750000000000005,0.6187500288
0.0003100000000000004,0.6187500288
0.0003125000000000003,0.6187500288
0.0003150000000000002,0.6125000192
0.0003175000000000001,0.6187500288
0.00031999999999999997,0.6187500288
0.0003225000000000003,0.6187500288
0.0003250000000000002,0.6062500096
0.0003275000000000001,0.6125000192
0.00033,0.6062500096
0.00033250000000000033,0.6062500096
0.00033500000000000023,0.6062500096
0.0003375000000000001,0.6062500096
0.00034,0.6
0.00034250000000000036,0.5937499904
0.00034500000000000025,0.6
0.00034750000000000015,0.5937499904
0.00035000000000000005,0.5937499904
0.0003525000000000004,0.5937499904
0.0003550000000000003,0.5874999808
0.0003575000000000002,0.5937499904
0.0003600000000000001,0.5874999808
0.0003625,0.5874999808
0.0003650000000000003,0.5812499712
0.0003675000000000002,0.5749999616
0.0003700000000000001,0.5812499712
0.0003725,0.5874999808
0.00037500000000000033,0.5749999616
0.00037750000000000023,0.5812499712
0.00038000000000000013,0.5812499712
0.00038250000000000003,0.5749999616
0.00038500000000000036,0.5749999616
0.00038750000000000026,0.5749999616
0.00039000000000000016,0.5749999616
0.00039250000000000005,0.568749952
0.0003950000000000004,0.568749952
0.0003975000000000003,0.5624999424
0.0004000000000000002,0.5562499328
0.0004025000000000001,0.5562499328
0.000405,0.5562499328
0.0004075000000000003,0.5562499328
0.0004100000000000002,0.5499999232
0.0004125000000000001,0.5499999232
0.000415,0.5499999232
0.00041750000000000034,0.5499999232
0.00042000000000000023,0.5624999424
0.00042250000000000013,0.5437499136
0.00042500000000000003,0.5437499136
0.00042750000000000036,0.5499999232
0.00043000000000000026,0.5374999039999999
0.00043250000000000016,0.5437499136
0.00043500000000000006,0.5374999039999999
0.0004375000000000004,0.5374999039999999
0.0004400000000000003,0.5312498943999999
0.0004425000000000002,0.5374999039999999
0.0004450000000000001,0.5249998847999999
0.0004475,0.5312498943999999
0.0004500000000000003,0.5187498751999999
0.0004525000000000002,0.5249998847999999
0.0004550000000000001,0.5187498751999999
0.0004575,0.5187498751999999
0.00046000000000000034,0.5187498751999999
0.00046250000000000024,0.5124998655999999
0.00046500000000000014,0.5187498751999999
0.00046750000000000003,0.5124998655999999
0.00047000000000000037,0.5124998655999999
0.00047250000000000026,0.5124998655999999
0.00047500000000000016,0.5062498559999999
0.00047750000000000006,0.5124998655999999
0.0004800000000000004,0.5062498559999999
0.0004825000000000003,0.49999984639999995
0.0004850000000000002,0.49999984639999995
0.0004875000000000001,0.49374983679999995
0.00049,0.49999984639999995
0.0004925000000000003,0.48124981759999996
0.0004950000000000002,0.48124981759999996
0.0004975000000000001,0.48749982719999996
0.0005,0.48749982719999996
0.0005025000000000003,0.48749982719999996
0.0005050000000000002,0.48124981759999996
0.0005075000000000001,0.48124981759999996
0.00051,0.48124981759999996
0.0005125000000000004,0.47499980799999997
0.0005150000000000003,0.47499980799999997
0.0005175000000000002,0.47499980799999997
0.0005200000000000001,0.47499980799999997
0.0005225000000000004,0.4624997888
0.0005250000000000003,0.4687497984
0.0005275000000000002,0.4687497984
0.0005300000000000001,0.4624997888
0.0005325,0.4687497984
0.0005350000000000003,0.4562497792
0.0005375000000000002,0.4562497792
0.0005400000000000001,0.4562497792
0.0005425,0.44374976
0.0005450000000000003,0.4562497792
0.0005475000000000002,0.44374976
0.0005500000000000001,0.4374997504
0.0005525,0.4499997696
0.0005550000000000004,0.4374997504
0.0005575000000000003,0.4374997504
0.0005600000000000002,0.4374997504
0.0005625000000000001,0.4312497408
0.0005650000000000004,0.4312497408
0.0005675000000000003,0.4312497408
0.0005700000000000002,0.4374997504
0.0005725000000000001,0.4312497408
0.000575,0.4312497408
0.0005775000000000003,0.4312497408
0.0005800000000000002,0.4249997312
0.0005825000000000001,0.4187497216
0.000585,0.4187497216
0.0005875000000000003,0.4187497216
0.0005900000000000002,0.41249971199999996
0.0005925000000000001,0.41249971199999996
0.000595,0.41249971199999996
0.0005975000000000004,0.3999996928
0.0006000000000000003,0.3999996928
0.0006025000000000002,0.3999996928
0.0006050000000000001,0.3999996928
0.0006075000000000004,0.3999996928
0.0006100000000000003,0.3937496832
0.0006125000000000002,0.3999996928
0.0006150000000000001,0.3937496832
0.0006175,0.3874996736
0.0006200000000000003,0.3874996736
0.0006225000000000002,0.3874996736
0.0006250000000000001,0.3937496832
0.0006275,0.3874996736
0.0006300000000000004,0.3874996736
0.0006325000000000002,0.38124966399999993
0.0006350000000000001,0.37499965439999994
0.0006375,0.38124966399999993
0.0006400000000000004,0.37499965439999994
0.0006425000000000003,0.37499965439999994
0.0006450000000000002,0.37499965439999994
0.0006475000000000001,0.36249963519999995
0.0006500000000000004,0.36249963519999995
0.0006525000000000003,0.36249963519999995
0.0006550000000000002,0.36249963519999995
0.0006575000000000001,0.36249963519999995
0.00066,0.34999961599999996
0.0006625000000000003,0.35624962559999995
0.0006650000000000002,0.34999961599999996
0.0006675000000000001,0.34999961599999996
0.00067,0.35624962559999995
0.0006725000000000004,0.34999961599999996
0.0006750000000000003,0.34999961599999996
0.0006775000000000002,0.34999961599999996
0.00068,0.34374960639999996
0.0006825000000000004,0.34999961599999996
0.0006850000000000003,0.33749959679999997
0.0006875000000000002,0.34374960639999996
0.0006900000000000001,0.34374960639999996
0.0006925000000000004,0.33749959679999997
0.0006950000000000003,0.3312495872
0.0006975000000000002,0.3249995776
0.0007000000000000001,0.3249995776
0.0007025,0.3249995776
0.0007050000000000003,0.3124995584
0.0007075000000000002,0.3249995776
0.0007100000000000001,0.318749568
0.0007125,0.3124995584
0.0007150000000000004,0.318749568
0.0007175000000000003,0.3124995584
0.0007200000000000002,0.3062495488
0.0007225,0.318749568
0.0007250000000000004,0.3124995584
0.0007275000000000003,0.3062495488
0.0007300000000000002,0.3062495488
0.0007325000000000001,0.2999995392
0.0007350000000000004,0.3062495488
0.0007375000000000003,0.3062495488
0.0007400000000000002,0.3062495488
0.0007425000000000001,0.2999995392
0.000745,0.2999995392
0.0007475000000000003,0.29374952959999995
0.0007500000000000002,0.29374952959999995
0.0007525000000000001,0.28749951999999995
0.000755,0.28749951999999995
0.0007575000000000004,0.28124951039999996
0.0007600000000000003,0.28124951039999996
0.0007625000000000002,0.28749951999999995
0.0007650000000000001,0.28749951999999995
0.0007675000000000004,0.28124951039999996
0.0007700000000000003,0.28124951039999996
0.0007725000000000002,0.27499950079999996
0.0007750000000000001,0.27499950079999996
0.0007775000000000004,0.28124951039999996
0.0007800000000000003,0.27499950079999996
0.0007825000000000002,0.27499950079999996
0.0007850000000000001,0.26874949119999997
0.0007875,0.27499950079999996
0.0007900000000000003,0.28124951039999996
0.0007925000000000002,0.26874949119999997
0.0007950000000000001,0.26874949119999997
0.0007975,0.2624994816
0.0008000000000000004,0.2624994816
0.0008025000000000003,0.256249472
0.0008050000000000002,0.256249472
0.0008075000000000001,0.256249472
0.0008100000000000004,0.256249472
0.0008125000000000003,0.2624994816
0.0008150000000000002,0.2437494528
0.0008175000000000001,0.2624994816
0.0008200000000000004,0.256249472
0.0008225000000000003,0.24999946239999998
0.0008250000000000002,0.256249472
0.0008275000000000001,0.24999946239999998
0.00083,0.24999946239999998
0.0008325000000000003,0.256249472
0.0008350000000000002,0.256249472
0.0008375000000000001,0.256249472
0.00084,0.256249472
0.0008425000000000004,0.256249472
0.0008450000000000003,0.26874949119999997
0.0008475000000000002,0.2624994816
0.0008500000000000001,0.2624994816
0.0008525000000000004,0.26874949119999997
0.0008550000000000003,0.2624994816
0.0008575000000000002,0.26874949119999997
0.0008600000000000001,0.27499950079999996
0.0008625000000000004,0.26874949119999997
0.0008650000000000003,0.27499950079999996
0.0008675000000000002,0.27499950079999996
0.0008700000000000001,0.28124951039999996
0.0008725,0.28124951039999996
0.0008750000000000003,0.28124951039999996
0.0008775000000000002,0.28749951999999995
0.0008800000000000001,0.28749951999999995
0.0008825,0.28749951999999995
0.0008850000000000004,0.28749951999999995
0.0008875000000000003,0.28749951999999995
0.0008900000000000002,0.2999995392
0.0008925000000000001,0.3062495488
0.0008950000000000004,0.2999995392
0.0008975000000000003,0.2999995392
0.0009000000000000002,0.3062495488
0.0009025000000000001,0.2999995392
0.0009050000000000004,0.2999995392
0.0009075000000000003,0.3062495488
0.0009100000000000002,0.3124995584
0.0009125000000000001,0.2999995392
0.000915,0.318749568
0.0009175000000000003,0.3124995584
0.0009200000000000002,0.318749568
0.0009225000000000001,0.318749568
0.000925,0.318749568
0.0009275000000000004,0.318749568
0.0009300000000000003,0.318749568
0.0009325000000000002,0.3312495872
0.0009350000000000001,0.33749959679999997
0.0009375000000000004,0.33749959679999997
0.0009400000000000003,0.33749959679999997
0.0009425000000000002,0.33749959679999997
0.0009450000000000001,0.34374960639999996
0.0009475000000000004,0.33749959679999997
0.0009500000000000003,0.34374960639999996
0.0009525000000000002,0.34374960639999996
0.0009550000000000001,0.34374960639999996
0.0009575,0.34999961599999996
0.0009600000000000003,0.34999961599999996
0.0009625000000000002,0.34999961599999996
0.0009650000000000001,0.36249963519999995
0.0009675,0.34999961599999996
0.0009700000000000004,0.36249963519999995
0.0009725000000000003,0.35624962559999995
0.0009750000000000002,0.36874964479999994
0.0009775,0.35624962559999995
0.0009800000000000004,0.36874964479999994
0.0009825000000000003,0.36874964479999994
0.0009850000000000002,0.37499965439999994
0.0009875,0.36874964479999994
0.0009900000000000004,0.37499965439999994
0.0009925000000000003,0.38124966399999993
0.0009950000000000002,0.3874996736
0.0009975000000000001,0.36874964479999994
0.001,0.3874996736
0.0010025000000000004,0.38124966399999993
0.0010050000000000003,0.38124966399999993
0.0010075000000000001,0.38124966399999993
0.00101,0.3874996736
0.0010125000000000004,0.38124966399999993
0.0010150000000000003,0.3999996928
0.0010175000000000002,0.3937496832
0.00102,0.3999996928
0.0010225000000000004,0.3999996928
0.0010250000000000003,0.3999996928
0.0010275000000000002,0.3999996928
0.00103,0.41249971199999996
0.0010325000000000004,0.40624970239999997
0.0010350000000000003,0.41249971199999996
0.0010375000000000002,0.41249971199999996
0.0010400000000000001,0.41249971199999996
0.0010425,0.41249971199999996
0.0010450000000000004,0.41249971199999996
0.0010475000000000003,0.41249971199999996
0.0010500000000000002,0.4249997312
0.0010525,0.4187497216
0.0010550000000000004,0.4187497216
0.0010575000000000003,0.4249997312
0.0010600000000000002,0.4249997312
0.0010625,0.4249997312
0.0010650000000000004,0.4249997312
0.0010675000000000003,0.4312497408
0.0010700000000000002,0.4374997504
0.0010725,0.4312497408
0.0010750000000000004,0.44374976
0.0010775000000000003,0.4374997504
0.0010800000000000002,0.4374997504
0.0010825000000000001,0.4499997696
0.001085,0.44374976
0.0010875000000000004,0.4499997696
0.0010900000000000003,0.4499997696
0.0010925000000000002,0.4499997696
0.001095,0.4499997696
0.0010975000000000004,0.44374976
0.0011000000000000003,0.4562497792
0.0011025000000000002,0.4562497792
0.001105,0.4562497792
0.0011075000000000004,0.4624997888
0.0011100000000000003,0.4562497792
0.0011125000000000002,0.4624997888
0.001115,0.4624997888
0.0011175000000000004,0.4687497984
0.0011200000000000003,0.47499980799999997
0.0011225000000000002,0.47499980799999997
0.0011250000000000001,0.47499980799999997
0.0011275,0.47499980799999997
0.0011300000000000004,0.47499980799999997
0.0011325000000000003,0.48749982719999996
0.0011350000000000002,0.47499980799999997
0.0011375,0.48749982719999996
0.0011400000000000004,0.48749982719999996
0.0011425000000000003,0.48124981759999996
0.0011450000000000002,0.48749982719999996
0.0011475,0.48749982719999996
0.0011500000000000004,0.48124981759999996
0.0011525000000000003,0.48749982719999996
0.0011550000000000002,0.49999984639999995
0.0011575000000000001,0.49374983679999995
0.0011600000000000004,0.49374983679999995
0.0011625000000000003,0.49999984639999995
0.0011650000000000002,0.49999984639999995
0.0011675000000000001,0.49999984639999995
0.00117,0.49999984639999995
0.0011725000000000004,0.5062498559999999
0.0011750000000000003,0.5187498751999999
0.0011775000000000002,0.5062498559999999
0.00118,0.5187498751999999
0.0011825000000000004,0.5187498751999999
0.0011850000000000003,0.5124998655999999
0.0011875000000000002,0.5124998655999999
0.00119,0.5124998655999999
0.0011925000000000004,0.5249998847999999
0.0011950000000000003,0.5249998847999999
0.0011975000000000002,0.5312498943999999
0.0012000000000000001,0.5249998847999999
0.0012025000000000004,0.5124998655999999
0.0012050000000000003,0.5249998847999999
0.0012075000000000002,0.5249998847999999
0.0012100000000000001,0.5312498943999999
0.0012125,0.5312498943999999
0.0012150000000000004,0.5249998847999999
0.0012175000000000003,0.5374999039999999
0.0012200000000000002,0.5374999039999999
0.0012225,0.5374999039999999
0.0012250000000000004,0.5374999039999999
0.0012275000000000003,0.5437499136
0.0012300000000000002,0.5437499136
0.0012325,0.5437499136
0.0012350000000000004,0.5437499136
0.0012375000000000003,0.5499999232
0.0012400000000000002,0.5499999232
0.0012425000000000001,0.5624999424
0.0012450000000000004,0.5562499328
0.0012475000000000003,0.5562499328
0.0012500000000000002,0.5624999424
0.0012525000000000001,0.5562499328
0.001255,0.5562499328
0.0012575000000000004,0.5624999424
0.0012600000000000003,0.5562499328
0.0012625000000000002,0.5624999424
0.001265,0.568749952
0.0012675000000000004,0.568749952
0.0012700000000000003,0.568749952
0.0012725000000000002,0.568749952
0.001275,0.568749952
0.0012775000000000004,0.5749999616
0.0012800000000000003,0.568749952
0.0012825000000000002,0.5812499712
0.0012850000000000001,0.5812499712
0.0012875000000000004,0.5749999616
0.0012900000000000003,0.5874999808
0.0012925000000000002,0.5874999808
0.0012950000000000001,0.5874999808
0.0012975,0.5937499904
0.0013000000000000004,0.5812499712
0.0013025000000000003,0.5937499904
0.0013050000000000002,0.5937499904
0.0013075,0.5937499904
0.0013100000000000004,0.5937499904
0.0013125000000000003,0.5874999808
0.0013150000000000002,0.5937499904
0.0013175,0.5937499904
0.0013200000000000004,0.5937499904
0.0013225000000000003,0.6
0.0013250000000000002,0.6062500096
0.0013275000000000001,0.6062500096
0.0013300000000000005,0.6
0.0013325000000000004,0.6125000192
0.0013350000000000002,0.6062500096
0.0013375000000000001,0.6125000192
0.0013400000000000005,0.6187500288
0.0013425000000000004,0.6187500288
0.0013450000000000003,0.6125000192
0.0013475000000000002,0.6187500288
0.00135,0.6250000384
0.0013525000000000004,0.6250000384
0.0013550000000000003,0.6250000384
0.0013575000000000002,0.631250048
0.00136,0.6187500288
0.0013625000000000004,0.631250048
0.0013650000000000003,0.6250000384
0.0013675000000000002,0.631250048
0.0013700000000000001,0.6375000576
0.0013725000000000005,0.631250048
0.0013750000000000004,0.6375000576
0.0013775000000000003,0.6375000576
0.0013800000000000002,0.6437500671999999
0.0013825000000000005,0.6500000767999999
0.0013850000000000004,0.6437500671999999
0.0013875000000000003,0.6500000767999999
0.0013900000000000002,0.6500000767999999
0.0013925,0.6562500863999999
0.0013950000000000004,0.6562500863999999
0.0013975000000000003,0.6562500863999999
0.0014000000000000002,0.6562500863999999
0.0014025,0.6562500863999999
0.0014050000000000004,0.6562500863999999
0.0014075000000000003,0.662500096
0.0014100000000000002,0.6562500863999999
0.0014125000000000001,0.662500096
0.001415,0.662500096
0.0014175,0.662500096
0.0014200000000000007,0.6687501056
0.0014225000000000006,0.6750001152
0.0014250000000000005,0.6687501056
0.0014275000000000004,0.6687501056
0.0014300000000000003,0.6750001152
0.0014325000000000002,0.6812501248
0.001435,0.6812501248
0.0014375,0.6812501248
0.0014399999999999999,0.6875001344
0.0014425000000000006,0.6875001344
0.0014450000000000005,0.693750144
0.0014475000000000004,0.6875001344
0.0014500000000000003,0.6812501248
0.0014525000000000002,0.6750001152
0.0014550000000000001,0.6750001152
0.0014575,0.6687501056
0.00146,0.6687501056
0.0014625000000000007,0.6687501056
0.0014650000000000006,0.6750001152
0.0014675000000000005,0.662500096
0.0014700000000000004,0.6750001152
0.0014725000000000003,0.662500096
0.0014750000000000002,0.662500096
0.0014775,0.662500096
0.00148,0.662500096
0.0014824999999999999,0.662500096
0.0014850000000000006,0.662500096
0.0014875000000000005,0.6562500863999999
0.0014900000000000004,0.662500096
0.0014925000000000003,0.662500096
0.0014950000000000002,0.6562500863999999
0.0014975000000000001,0.6437500671999999
0.0015,0.662500096
0.0015025,0.6500000767999999
0.0015050000000000007,0.6437500671999999
0.0015075000000000006,0.6437500671999999
0.0015100000000000005,0.6500000767999999
0.0015125000000000004,0.6437500671999999
0.0015150000000000003,0.6437500671999999
0.0015175000000000002,0.6437500671999999
0.00152,0.6437500671999999
0.0015225,0.6437500671999999
0.0015249999999999999,0.6375000576
0.0015275000000000006,0.631250048
0.0015300000000000005,0.631250048
0.0015325000000000004,0.6375000576
0.0015350000000000003,0.631250048
0.0015375000000000002,0.6375000576
0.0015400000000000001,0.631250048
0.0015425,0.631250048
0.001545,0.631250048
0.0015475000000000007,0.631250048
0.0015500000000000006,0.6250000384
0.0015525000000000005,0.6250000384
0.0015550000000000004,0.6250000384
0.0015575000000000003,0.6187500288
0.0015600000000000002,0.6187500288
0.0015625,0.6187500288
0.001565,0.6187500288
0.0015674999999999999,0.6125000192
0.0015700000000000006,0.6125000192
0.0015725000000000005,0.6125000192
0.0015750000000000004,0.6062500096
0.0015775000000000003,0.6125000192
0.0015800000000000002,0.6062500096
0.0015825000000000001,0.6062500096
0.001585,0.6062500096
0.0015875,0.6
0.0015900000000000007,0.6062500096
0.0015925000000000006,0.6062500096
0.0015950000000000005,0.6
0.0015975000000000004,0.6
0.0016000000000000003,0.6
0.0016025000000000002,0.5937499904
0.001605,0.6
0.0016075,0.5937499904
0.0016099999999999999,0.5874999808
0.0016125000000000007,0.5937499904
0.0016150000000000005,0.5749999616
0.0016175000000000004,0.5874999808
0.0016200000000000003,0.5874999808
0.0016225000000000002,0.5812499712
0.0016250000000000001,0.5874999808
0.0016275,0.5749999616
0.00163,0.5812499712
0.0016325000000000007,0.5812499712
0.0016350000000000006,0.5749999616
0.0016375000000000005,0.5749999616
0.0016400000000000004,0.568749952
0.0016425000000000003,0.5749999616
0.0016450000000000002,0.5749999616
0.0016475,0.568749952
0.00165,0.568749952
0.0016524999999999999,0.5624999424
0.0016550000000000007,0.5624999424
0.0016575000000000006,0.5562499328
0.0016600000000000005,0.5562499328
0.0016625000000000003,0.5624999424
0.0016650000000000002,0.5499999232
0.0016675000000000001,0.5499999232
0.00167,0.5499999232
0.0016725,0.5499999232
0.0016750000000000007,0.5499999232
0.0016775000000000006,0.5499999232
0.0016800000000000005,0.5437499136
0.0016825000000000004,0.5374999039999999
0.0016850000000000003,0.5312498943999999
0.0016875000000000002,0.5437499136
0.00169,0.5374999039999999
0.0016925,0.5312498943999999
0.001695,0.5312498943999999
0.0016975000000000007,0.5249998847999999
0.0017000000000000006,0.5374999039999999
0.0017025000000000005,0.5312498943999999
0.0017050000000000004,0.5312498943999999
0.0017075000000000003,0.5249998847999999
0.0017100000000000001,0.5187498751999999
0.0017125,0.5249998847999999
0.001715,0.5124998655999999
0.0017175000000000007,0.5124998655999999
0.0017200000000000006,0.5124998655999999
0.0017225000000000005,0.5062498559999999
0.0017250000000000004,0.5062498559999999
0.0017275000000000003,0.5062498559999999
0.0017300000000000002,0.5062498559999999
0.0017325,0.49999984639999995
0.001735,0.49999984639999995
0.0017375,0.49374983679999995
0.0017400000000000007,0.49374983679999995
0.0017425000000000006,0.49999984639999995
0.0017450000000000005,0.49999984639999995
0.0017475000000000004,0.48749982719999996
0.0017500000000000003,0.48749982719999996
0.0017525000000000002,0.48749982719999996
0.001755,0.48124981759999996
0.0017575,0.48124981759999996
0.0017600000000000007,0.47499980799999997
0.0017625000000000006,0.47499980799999997
0.0017650000000000005,0.4687497984
0.0017675000000000004,0.47499980799999997
0.0017700000000000003,0.4687497984
0.0017725000000000002,0.4687497984
0.001775,0.4624997888
0.0017775,0.4624997888
0.00178,0.4624997888
0.0017825000000000007,0.4562497792
0.0017850000000000006,0.4624997888
0.0017875000000000005,0.4562497792
0.0017900000000000004,0.4562497792
0.0017925000000000003,0.4562497792
0.0017950000000000002,0.4499997696
0.0017975,0.4562497792
0.0018,0.4499997696
0.0018025000000000007,0.4499997696
0.0018050000000000006,0.4499997696
0.0018075000000000005,0.44374976
0.0018100000000000004,0.4374997504
0.0018125000000000003,0.4374997504
0.0018150000000000002,0.4312497408
0.0018175,0.4249997312
0.00182,0.4312497408
0.0018225,0.4249997312
0.0018250000000000007,0.4249997312
0.0018275000000000006,0.4249997312
0.0018300000000000005,0.4187497216
0.0018325000000000004,0.4249997312
0.0018350000000000003,0.4187497216
0.0018375000000000002,0.41249971199999996
0.00184,0.41249971199999996
0.0018425,0.40624970239999997
0.0018450000000000007,0.4187497216
0.0018475000000000006,0.40624970239999997
0.0018500000000000005,0.41249971199999996
0.0018525000000000004,0.41249971199999996
0.0018550000000000003,0.40624970239999997
0.0018575000000000002,0.3999996928
0.00186,0.3999996928
0.0018625,0.3999996928
0.001865,0.3937496832
0.0018675000000000007,0.3937496832
0.0018700000000000006,0.3874996736
0.0018725000000000005,0.3874996736
0.0018750000000000004,0.38124966399999993
0.0018775000000000003,0.38124966399999993
0.0018800000000000002,0.38124966399999993
0.0018825,0.36874964479999994
0.001885,0.3874996736
0.0018875000000000007,0.38124966399999993
0.0018900000000000006,0.36874964479999994
0.0018925000000000005,0.37499965439999994
0.0018950000000000004,0.36249963519999995
0.0018975000000000003,0.36874964479999994
0.0019000000000000002,0.36249963519999995
0.0019025000000000001,0.36874964479999994
0.001905,0.36874964479999994
0.0019075,0.36249963519999995
0.0019100000000000007,0.36249963519999995
0.0019125000000000006,0.35624962559999995
0.0019150000000000005,0.34999961599999996
0.0019175000000000004,0.34999961599999996
0.0019200000000000003,0.36249963519999995
0.0019225000000000002,0.34374960639999996
0.001925,0.34999961599999996
0.0019275,0.34374960639999996
0.0019300000000000007,0.34374960639999996
0.0019325000000000006,0.34374960639999996
0.0019350000000000005,0.33749959679999997
0.0019375000000000004,0.33749959679999997
0.0019400000000000003,0.33749959679999997
0.0019425000000000002,0.3312495872
0.0019450000000000001,0.33749959679999997
0.0019475,0.3312495872
0.00195,0.3312495872
0.0019525000000000007,0.3249995776
0.0019550000000000006,0.3312495872
0.0019575000000000005,0.3249995776
0.0019600000000000004,0.3249995776
0.0019625000000000003,0.318749568
0.001965,0.318749568
0.0019675,0.318749568
0.00197,0.3124995584
0.0019725000000000007,0.3124995584
0.0019750000000000006,0.2999995392
0.0019775000000000005,0.3062495488
0.0019800000000000004,0.3124995584
0.0019825000000000003,0.3062495488
0.0019850000000000002,0.3062495488
0.0019875,0.2999995392
0.00199,0.2999995392
0.0019925,0.3062495488
0.0019950000000000007,0.2999995392
0.0019975000000000006,0.29374952959999995
0.0020000000000000005,0.2999995392
0.0020025000000000004,0.29374952959999995
0.0020050000000000003,0.29374952959999995
0.0020075,0.28749951999999995
0.00201,0.28749951999999995
0.0020125,0.28749951999999995
0.0020150000000000007,0.28124951039999996
0.0020175000000000006,0.28124951039999996
0.0020200000000000005,0.28124951039999996
0.0020225000000000004,0.27499950079999996
0.0020250000000000003,0.28124951039999996
0.0020275000000000002,0.26874949119999997
0.00203,0.28124951039999996
0.0020325,0.27499950079999996
0.002035,0.26874949119999997
0.0020375000000000007,0.26874949119999997
0.0020400000000000006,0.26874949119999997
0.0020425000000000005,0.26874949119999997
0.0020450000000000004,0.2624994816
0.0020475000000000003,0.27499950079999996
0.00205,0.27499950079999996
0.0020525,0.2624994816
0.002055,0.2624994816
0.0020575000000000007,0.256249472
0.0020600000000000006,0.2624994816
0.0020625000000000005,0.2624994816
0.0020650000000000004,0.24999946239999998
0.0020675000000000003,0.256249472
0.0020700000000000002,0.24999946239999998
0.0020725,0.2437494528
0.002075,0.24999946239999998
0.0020775,0.2437494528
0.0020800000000000007,0.24999946239999998
0.0020825000000000006,0.256249472
0.0020850000000000005,0.24999946239999998
0.0020875000000000004,0.24999946239999998
0.0020900000000000003,0.256249472
0.0020925,0.256249472
0.002095,0.26874949119999997
0.0020975,0.256249472
0.0021000000000000007,0.2624994816
0.0021025000000000006,0.26874949119999997
0.0021050000000000005,0.26874949119999997
0.0021075000000000004,0.26874949119999997
0.0021100000000000003,0.27499950079999996
0.0021125000000000002,0.27499950079999996
0.002115,0.26874949119999997
0.0021175,0.27499950079999996
0.00212,0.27499950079999996
0.0021225000000000007,0.28124951039999996
0.0021250000000000006,0.27499950079999996
0.0021275000000000005,0.28124951039999996
0.0021300000000000004,0.29374952959999995
0.0021325000000000003,0.28749951999999995
0.002135,0.28749951999999995
0.0021375,0.29374952959999995
0.00214,0.28749951999999995
0.0021425000000000007,0.2999995392
0.0021450000000000006,0.2999995392
0.0021475000000000005,0.3062495488
0.0021500000000000004,0.2999995392
0.0021525000000000003,0.3062495488
0.0021550000000000002,0.3062495488
0.0021575,0.3124995584
0.00216,0.318749568
0.0021625,0.318749568
0.0021650000000000007,0.3062495488
0.0021675000000000006,0.318749568
0.0021700000000000005,0.3249995776
0.0021725000000000004,0.318749568
0.0021750000000000003,0.318749568
0.0021775,0.318749568
0.00218,0.3312495872
0.0021825,0.3249995776
0.0021850000000000007,0.3312495872
0.0021875000000000006,0.33749959679999997
0.0021900000000000005,0.33749959679999997
0.0021925000000000004,0.3312495872
0.0021950000000000003,0.34374960639999996
0.0021975000000000002,0.33749959679999997
0.0022,0.34374960639999996
0.0022025,0.34999961599999996
0.002205,0.34999961599999996
0.0022075000000000007,0.34999961599999996
0.0022100000000000006,0.34999961599999996
0.0022125000000000005,0.34999961599999996
0.0022150000000000004,0.35624962559999995
0.0022175000000000003,0.35624962559999995
0.00222,0.35624962559999995
0.0022225,0.36249963519999995
0.002225,0.36249963519999995
0.0022275000000000007,0.35624962559999995
0.0022300000000000006,0.36874964479999994
0.0022325000000000005,0.36874964479999994
0.0022350000000000004,0.36874964479999994
0.0022375000000000003,0.37499965439999994
0.0022400000000000002,0.36874964479999994
0.0022425,0.37499965439999994
0.002245,0.38124966399999993
0.0022475,0.38124966399999993
0.0022500000000000007,0.38124966399999993
0.0022525000000000006,0.3874996736
0.0022550000000000005,0.3874996736
0.0022575000000000004,0.3874996736
0.0022600000000000003,0.3937496832
0.0022625,0.40624970239999997
0.002265,0.3874996736
0.0022675,0.40624970239999997
0.0022700000000000007,0.3999996928
0.0022725000000000006,0.3999996928
0.0022750000000000005,0.40624970239999997
0.0022775000000000004,0.3937496832
0.0022800000000000003,0.3999996928
0.0022825000000000002,0.3999996928
0.002285,0.41249971199999996
0.0022875,0.40624970239999997
0.00229,0.41249971199999996
0.0022925000000000007,0.41249971199999996
0.0022950000000000006,0.41249971199999996
0.0022975000000000005,0.4187497216
0.0023000000000000004,0.4187497216
0.0023025000000000003,0.41249971199999996
0.002305,0.4249997312
0.0023075,0.4249997312
0.00231,0.4249997312
0.0023125000000000008,0.4312497408
0.0023150000000000007,0.4312497408
0.0023175000000000005,0.4312497408
0.0023200000000000004,0.4312497408
0.0023225000000000003,0.4312497408
0.0023250000000000002,0.4312497408
0.0023275,0.4374997504
0.00233,0.44374976
0.0023325,0.4374997504
0.0023350000000000007,0.4374997504
0.0023375000000000006,0.4499997696
0.0023400000000000005,0.44374976
0.0023425000000000004,0.4499997696
0.0023450000000000003,0.4499997696
0.0023475,0.4562497792
0.00235,0.4562497792
0.0023525,0.4562497792
0.0023550000000000008,0.4624997888
0.0023575000000000007,0.4624997888
0.0023600000000000006,0.4624997888
0.0023625000000000005,0.4687497984
0.0023650000000000003,0.4624997888
0.0023675000000000002,0.4624997888
0.00237,0.4624997888
0.0023725,0.4687497984
0.002375,0.4687497984
0.0023775000000000007,0.4687497984
0.0023800000000000006,0.47499980799999997
0.0023825000000000005,0.4687497984
0.0023850000000000004,0.48124981759999996
0.0023875000000000003,0.48124981759999996
0.00239,0.48124981759999996
0.0023925,0.48749982719999996
0.002395,0.48749982719999996
0.0023975000000000008,0.49374983679999995
0.0024000000000000007,0.48749982719999996
0.0024025000000000006,0.48749982719999996
0.0024050000000000005,0.49374983679999995
0.0024075000000000004,0.49374983679999995
0.0024100000000000002,0.5062498559999999
0.0024125,0.5062498559999999
0.002415,0.5062498559999999
0.0024175,0.5062498559999999
0.0024200000000000007,0.5062498559999999
0.0024225000000000006,0.5062498559999999
0.0024250000000000005,0.5062498559999999
0.0024275000000000004,0.5062498559999999
0.0024300000000000003,0.5124998655999999
0.0024325,0.5062498559999999
0.002435,0.5124998655999999
0.0024375,0.5187498751999999
0.0024400000000000008,0.5124998655999999
0.0024425000000000007,0.5124998655999999
0.0024450000000000006,0.5187498751999999
0.0024475000000000005,0.5249998847999999
0.0024500000000000004,0.5249998847999999
0.0024525000000000003,0.5249998847999999
0.002455,0.5312498943999999
0.0024575,0.5312498943999999
0.00246,0.5249998847999999
0.0024625000000000007,0.5249998847999999
0.0024650000000000006,0.5374999039999999
0.0024675000000000005,0.5437499136
0.0024700000000000004,0.5312498943999999
0.0024725000000000003,0.5374999039999999
0.002475,0.5374999039999999
0.0024775,0.5374999039999999
0.00248,0.5437499136
0.0024825000000000008,0.5437499136
0.0024850000000000007,0.5374999039999999
0.0024875000000000006,0.5374999039999999
0.0024900000000000005,0.5499999232
0.0024925000000000004,0.5499999232
0.0024950000000000003,0.5499999232
0.0024975,0.5562499328
