datetime,time,energy_Ws_vetrnik,voltage_vetrnik,current_vetrnik,power_vetrnik,voltage_dmm,current_dmm,voltage_dmm_V,current_dmm_A,duration,power_dmm,energy_Ws_dmm
2024-07-04 17:24:34.873608,2994,4615.7,9.9,0.041,0.4, OVLOAD    V DC   , 00.071e00 A DC   ,,0.071,1.12994,,
2024-07-04 17:24:36.003548,2995,4616.2,10.0,0.041,0.4, OVLOAD    V DC   , 00.074e00 A DC   ,,0.074,1.000005,,
2024-07-04 17:24:37.003553,2996,4616.5,10.0,0.041,0.4, OVLOAD    V DC   , 00.074e00 A DC   ,,0.074,1.002061,,
2024-07-04 17:24:38.005614,2997,4616.9,10.0,0.041,0.4, 10.139e00 V DC   , 00.074e00 A DC   ,10.139,0.074,1.001461,0.7502859999999999,0.7513821678459999
2024-07-04 17:24:39.007075,2998,4618.8,9.9,0.205,2.0, 10.270e00 V DC   , 00.376e00 A DC   ,10.27,0.376,1.000302,3.86152,4.614068346886
2024-07-04 17:24:40.007377,2999,4619.9,10.0,0.041,0.4, 10.270e00 V DC   , 00.076e00 A DC   ,10.27,0.076,0.996426,0.78052,5.391798768406001
2024-07-04 17:24:41.003803,3000,4620.1,10.0,0.0,0.0, 10.201e00 V DC   , 00.057e00 A DC   ,10.201,0.057,0.99991,0.581457,5.973203437276001
2024-07-04 17:24:42.003713,3001,4620.1,10.3,0.0,0.0, 10.621e00 V DC   , 00.001e00 A DC   ,10.621,0.001,1.0002,0.010621,5.983826561476001
2024-07-04 17:24:43.003913,3002,4620.1,10.5,0.0,0.0, 10.672e00 V DC   , 00.001e00 A DC   ,10.672,0.001,0.999671,0.010672000000000001,5.994495050388001
2024-07-04 17:24:44.003584,3003,4620.1,10.5,0.0,0.0, 10.672e00 V DC   , 00.001e00 A DC   ,10.672,0.001,1.000459,0.010672000000000001,6.005171948836001
2024-07-04 17:24:45.004043,3004,4620.1,10.5,0.0,0.0, 10.672e00 V DC   , 00.001e00 A DC   ,10.672,0.001,0.999537,0.010672000000000001,6.0158390077
2024-07-04 17:24:46.003580,3005,4620.1,10.0,0.082,0.8, 10.523e00 V DC   , 00.001e00 A DC   ,10.523,0.001,0.999845,0.010523,6.026360376635
2024-07-04 17:24:47.003425,3006,4621.5,9.9,0.246,2.4, 10.089e00 V DC   , 00.282e00 A DC   ,10.089,0.282,1.001561,2.8450979999999997,8.875899574613
2024-07-04 17:24:48.004986,3007,4624.5,9.9,0.41,4.0, 10.046e00 V DC   , 00.468e00 A DC   ,10.046,0.468,0.998332,4.701528,13.569585425908999
2024-07-04 17:24:49.003318,3008,4630.1,9.7,0.943,9.1, 09.938e00 V DC   , 00.995e00 A DC   ,9.938,0.995,1.000113,9.88831,23.459012804939
2024-07-04 17:24:50.003431,3009,4639.5,9.7,1.066,10.3, 09.911e00 V DC   , 01.150e00 A DC   ,9.911,1.15,1.001876,11.397649999999999,34.878044796339
2024-07-04 17:24:51.005307,3010,4649.7,9.7,1.025,9.9, 09.911e00 V DC   , 01.170e00 A DC   ,9.911,1.17,1.000082,11.59587,46.474865657679
2024-07-04 17:24:52.005389,3011,4659.5,9.7,1.066,10.3, 09.916e00 V DC   , 01.206e00 A DC   ,9.916,1.206,1.003177,11.958696,58.471554434870995
2024-07-04 17:24:53.008566,3012,4669.9,9.7,1.148,11.1, 09.888e00 V DC   , 01.282e00 A DC   ,9.888,1.282,0.995299,12.676416,71.088378603255
2024-07-04 17:24:54.003865,3013,4680.7,9.7,1.107,10.7, 09.899e00 V DC   , 01.246e00 A DC   ,9.899,1.246,0.999696,12.334153999999998,83.418783020439
2024-07-04 17:24:55.003561,3014,4691.3,9.7,1.107,10.7, 09.891e00 V DC   , 01.250e00 A DC   ,9.891,1.25,0.999821,12.36375,95.78031990918899
2024-07-04 17:24:56.003382,3015,4701.9,9.7,1.148,11.1, 09.890e00 V DC   , 01.258e00 A DC   ,9.89,1.258,1.000494,12.44162,108.22808606946899
2024-07-04 17:24:57.003876,3016,4712.7,9.7,1.066,10.3, 09.909e00 V DC   , 01.258e00 A DC   ,9.909,1.258,1.004739,12.465522000000002,120.75268217822699
2024-07-04 17:24:58.008615,3017,4722.9,9.7,1.066,10.3, 09.918e00 V DC   , 01.166e00 A DC   ,9.918,1.166,0.997014,11.564388,132.282538915659
2024-07-04 17:24:59.005629,3018,4733.1,9.7,1.025,9.9, 09.932e00 V DC   , 01.172e00 A DC   ,9.932,1.172,1.002733,11.640304,143.95465586649098
2024-07-04 17:25:00.008362,3019,4742.5,9.7,0.943,9.1, 09.965e00 V DC   , 01.047e00 A DC   ,9.965,1.047,0.998261,10.433354999999999,154.369867262146
2024-07-04 17:25:01.006623,3020,4751.5,9.7,0.943,9.1, 09.957e00 V DC   , 01.059e00 A DC   ,9.957,1.059,0.999464,10.544463,164.90867842997798
2024-07-04 17:25:02.006087,3021,4760.5,9.7,0.943,9.1, 09.957e00 V DC   , 01.059e00 A DC   ,9.957,1.059,0.997748,10.544463,175.42939529930197
2024-07-04 17:25:03.003835,3022,4769.5,9.7,0.943,9.1, 09.957e00 V DC   , 01.060e00 A DC   ,9.957,1.06,1.000069,10.554420000000002,185.98454355428197
2024-07-04 17:25:04.003904,3023,4778.5,9.7,0.943,9.1, 09.957e00 V DC   , 01.060e00 A DC   ,9.957,1.06,1.000868,10.554420000000002,196.54812479084197
2024-07-04 17:25:05.004772,3024,4787.5,9.7,0.943,9.1, 09.957e00 V DC   , 01.061e00 A DC   ,9.957,1.061,0.999693,10.564377,207.10925852710298
2024-07-04 17:25:06.004465,3025,4796.5,9.7,0.943,9.1, 09.957e00 V DC   , 01.062e00 A DC   ,9.957,1.062,0.999498,10.574334000000002,217.67828421143497
2024-07-04 17:25:07.003963,3026,4805.5,9.7,0.943,9.1, 09.956e00 V DC   , 01.066e00 A DC   ,9.956,1.066,1.006345,10.613096,228.35872030555498
2024-07-04 17:25:08.010308,3027,4814.5,9.7,0.943,9.1, 09.955e00 V DC   , 01.066e00 A DC   ,9.955,1.066,0.995302,10.61203,238.92089498861498
2024-07-04 17:25:09.005610,3028,4823.5,9.7,0.943,9.1, 09.954e00 V DC   , 01.068e00 A DC   ,9.954,1.068,1.000527,10.630872000000002,249.55736945815897
2024-07-04 17:25:10.006137,3029,4832.5,9.7,0.943,9.1, 09.955e00 V DC   , 01.068e00 A DC   ,9.955,1.068,0.998577,10.63194,260.174180207539
2024-07-04 17:25:11.004714,3030,4841.5,9.7,0.943,9.1, 09.955e00 V DC   , 01.068e00 A DC   ,9.955,1.068,1.0004,10.63194,270.81037298353897
2024-07-04 17:25:12.005114,3031,4850.5,9.7,0.943,9.1, 09.955e00 V DC   , 01.068e00 A DC   ,9.955,1.068,0.99859,10.63194,281.42732194813897
2024-07-04 17:25:13.003704,3032,4859.5,9.7,0.943,9.1, 09.955e00 V DC   , 01.069e00 A DC   ,9.955,1.069,0.999841,10.641895,292.06752488683395
2024-07-04 17:25:14.003545,3033,4868.5,9.7,0.943,9.1, 09.955e00 V DC   , 01.069e00 A DC   ,9.955,1.069,1.002552,10.641895,302.73657800287396
2024-07-04 17:25:15.006097,3034,4877.5,9.7,0.943,9.1, 09.955e00 V DC   , 01.069e00 A DC   ,9.955,1.069,1.002109,10.641895,313.400916759429
2024-07-04 17:25:16.008206,3035,4886.5,9.7,0.943,9.1, 09.955e00 V DC   , 01.070e00 A DC   ,9.955,1.07,0.995911,10.651850000000001,324.009211344779
2024-07-04 17:25:17.004117,3036,4895.5,9.7,0.943,9.1, 09.955e00 V DC   , 01.070e00 A DC   ,9.955,1.07,0.999903,10.651850000000001,334.660028115329
2024-07-04 17:25:18.004020,3037,4904.5,9.7,0.943,9.1, 09.955e00 V DC   , 01.070e00 A DC   ,9.955,1.07,1.000062,10.651850000000001,345.312538530029
2024-07-04 17:25:19.004082,3038,4913.5,9.7,0.943,9.1, 09.955e00 V DC   , 01.070e00 A DC   ,9.955,1.07,1.000049,10.651850000000001,355.964910470679
2024-07-04 17:25:20.004131,3039,4922.5,9.7,0.943,9.1, 09.955e00 V DC   , 01.070e00 A DC   ,9.955,1.07,0.999965,10.651850000000001,366.616387655929
2024-07-04 17:25:21.004096,3040,4931.5,9.7,0.943,9.1, 09.955e00 V DC   , 01.070e00 A DC   ,9.955,1.07,1.003738,10.651850000000001,377.30805427122897
2024-07-04 17:25:22.007834,3041,4940.5,9.7,0.943,9.1, 09.955e00 V DC   , 01.070e00 A DC   ,9.955,1.07,0.99565,10.651850000000001,387.913568723729
2024-07-04 17:25:23.003484,3042,4949.5,9.7,0.943,9.1, 09.955e00 V DC   , 01.071e00 A DC   ,9.955,1.071,1.000069,10.661805,398.576109388274
2024-07-04 17:25:24.003553,3043,4958.5,9.7,0.943,9.1, 09.955e00 V DC   , 01.071e00 A DC   ,9.955,1.071,1.000173,10.661805,409.239758880539
2024-07-04 17:25:25.003726,3044,4967.5,9.7,0.943,9.1, 09.955e00 V DC   , 01.071e00 A DC   ,9.955,1.071,0.999727,10.661805,419.898653207774
2024-07-04 17:25:26.003453,3045,4976.5,9.7,0.943,9.1, 09.955e00 V DC   , 01.072e00 A DC   ,9.955,1.072,1.000681,10.67176,430.57768067633396
2024-07-04 17:25:27.004134,3046,4985.5,9.7,0.943,9.1, 09.955e00 V DC   , 01.072e00 A DC   ,9.955,1.072,1.003116,10.67176,441.282693880494
2024-07-04 17:25:28.007250,3047,4994.5,9.7,0.943,9.1, 09.955e00 V DC   , 01.073e00 A DC   ,9.955,1.073,0.999197,10.681714999999999,451.955831463349
2024-07-04 17:25:29.006447,3048,5003.5,9.7,0.943,9.1, 09.955e00 V DC   , 01.073e00 A DC   ,9.955,1.073,1.001801,10.681714999999999,462.656784232064
2024-07-04 17:25:30.008248,3049,5012.5,9.7,0.943,9.1, 09.955e00 V DC   , 01.073e00 A DC   ,9.955,1.073,0.997933,10.681714999999999,473.316420127159
2024-07-04 17:25:31.006181,3050,5021.5,9.7,0.984,9.5, 09.955e00 V DC   , 01.074e00 A DC   ,9.955,1.074,0.999873,10.69167,484.006732285069
2024-07-04 17:25:32.006054,3051,5030.7,9.7,0.943,9.1, 09.955e00 V DC   , 01.074e00 A DC   ,9.955,1.074,0.997748,10.69167,494.674324644229
2024-07-04 17:25:33.003802,3052,5039.7,9.7,0.943,9.1, 09.955e00 V DC   , 01.074e00 A DC   ,9.955,1.074,1.001558,10.69167,505.382652266089
2024-07-04 17:25:34.005360,3053,5048.9,9.7,0.984,9.5, 09.954e00 V DC   , 01.074e00 A DC   ,9.954,1.074,0.998739,10.690596000000001,516.059767424533
2024-07-04 17:25:35.004099,3054,5058.3,9.7,0.984,9.5, 09.954e00 V DC   , 01.075e00 A DC   ,9.954,1.075,0.999484,10.70055,526.754795940733
2024-07-04 17:25:36.003583,3055,5067.7,9.7,0.984,9.5, 09.954e00 V DC   , 01.076e00 A DC   ,9.954,1.076,0.999947,10.710504000000002,537.4647322840209
2024-07-04 17:25:37.003530,3056,5077.1,9.7,0.984,9.5, 09.954e00 V DC   , 01.075e00 A DC   ,9.954,1.075,1.003024,10.70055,548.1976407472209
2024-07-04 17:25:38.006554,3057,5086.3,9.7,0.984,9.5, 09.955e00 V DC   , 01.075e00 A DC   ,9.955,1.075,1.000112,10.701625,558.9004643292209
2024-07-04 17:25:39.006666,3058,5095.7,9.7,0.984,9.5, 09.955e00 V DC   , 01.075e00 A DC   ,9.955,1.075,0.998859,10.701625,569.5898787750958
2024-07-04 17:25:40.005525,3059,5105.1,9.7,0.984,9.5, 09.954e00 V DC   , 01.076e00 A DC   ,9.954,1.076,1.000045,10.710504000000002,580.3008647477758
2024-07-04 17:25:41.005570,3060,5114.5,9.7,0.984,9.5, 09.954e00 V DC   , 01.076e00 A DC   ,9.954,1.076,1.001188,10.710504000000002,591.0240928265277
2024-07-04 17:25:42.006758,3061,5123.9,9.7,0.984,9.5, 09.952e00 V DC   , 01.078e00 A DC   ,9.952,1.078,0.99656,10.728256,601.7154436258877
2024-07-04 17:25:43.003318,3062,5133.3,9.7,0.984,9.5, 09.950e00 V DC   , 01.083e00 A DC   ,9.95,1.083,1.000178,10.775849999999998,612.4932117271877
2024-07-04 17:25:44.003496,3063,5142.7,9.7,0.984,9.5, 09.948e00 V DC   , 01.094e00 A DC   ,9.948,1.094,1.000764,10.883112,623.3846384247557
2024-07-04 17:25:45.004260,3064,5152.1,9.7,0.984,9.5, 09.947e00 V DC   , 01.097e00 A DC   ,9.947,1.097,0.99916,10.911858999999998,634.2873314631958
2024-07-04 17:25:46.003420,3065,5161.5,9.7,0.984,9.5, 09.947e00 V DC   , 01.098e00 A DC   ,9.947,1.098,0.999962,10.921806,645.2087224345678
2024-07-04 17:25:47.003382,3066,5170.9,9.7,0.984,9.5, 09.946e00 V DC   , 01.098e00 A DC   ,9.946,1.098,1.004675,10.920708000000001,656.1804847444678
2024-07-04 17:25:48.008057,3067,5180.3,9.7,0.984,9.5, 09.946e00 V DC   , 01.097e00 A DC   ,9.946,1.097,0.997451,10.910762,667.0634352121298
2024-07-04 17:25:49.005508,3068,5189.7,9.7,0.984,9.5, 09.948e00 V DC   , 01.095e00 A DC   ,9.948,1.095,0.999623,10.89306,677.9523885285098
2024-07-04 17:25:50.005131,3069,5199.1,9.7,0.984,9.5, 09.948e00 V DC   , 01.094e00 A DC   ,9.948,1.094,1.001463,10.883112,688.8514225213657
2024-07-04 17:25:51.006594,3070,5208.5,9.7,0.984,9.5, 09.949e00 V DC   , 01.093e00 A DC   ,9.949,1.093,1.001649,10.874257,699.7436111711587
2024-07-04 17:25:52.008243,3071,5217.9,9.7,0.984,9.5, 09.949e00 V DC   , 01.091e00 A DC   ,9.949,1.091,0.998837,10.854358999999999,710.5853465516417
2024-07-04 17:25:53.007080,3072,5227.3,9.7,0.984,9.5, 09.951e00 V DC   , 01.091e00 A DC   ,9.951,1.091,0.996374,10.856541,721.4025217339757
2024-07-04 17:25:54.003454,3073,5236.7,9.7,0.943,9.1, 09.965e00 V DC   , 01.077e00 A DC   ,9.965,1.077,1.000483,10.732305,732.1400104372907
2024-07-04 17:25:55.003937,3074,5245.7,9.9,0.779,7.7, 10.040e00 V DC   , 01.028e00 A DC   ,10.04,1.028,1.00318,10.321119999999999,742.4939515988907
2024-07-04 17:25:56.007117,3075,5252.7,9.9,0.574,5.6, 10.096e00 V DC   , 00.709e00 A DC   ,10.096,0.709,0.996733,7.1580639999999995,749.6286302038027
2024-07-04 17:25:57.003850,3076,5258.2,9.9,0.861,8.5, 09.983e00 V DC   , 00.937e00 A DC   ,9.983,0.937,1.002463,9.354071000000001,759.0057402806757
2024-07-04 17:25:58.006313,3077,5266.9,9.7,1.189,11.5, 09.983e00 V DC   , 01.268e00 A DC   ,9.983,1.268,1.001073,12.658444000000001,771.6777667910877
2024-07-04 17:25:59.007386,3078,5279.5,9.6,1.681,16.1, 09.792e00 V DC   , 01.832e00 A DC   ,9.792,1.832,0.998951,17.938944,789.5978928388317
2024-07-04 17:26:00.006337,3079,5296.7,9.6,1.927,18.4, 09.615e00 V DC   , 02.096e00 A DC   ,9.615,2.096,1.00564,20.15304,809.8645959844317
2024-07-04 17:26:01.011977,3080,5315.4,9.4,2.05,19.2, 09.581e00 V DC   , 02.199e00 A DC   ,9.581,2.199,0.994304,21.068618999999998,830.8132081306077
2024-07-04 17:26:02.006281,3081,5334.6,9.6,1.968,18.8, 09.612e00 V DC   , 02.109e00 A DC   ,9.612,2.109,0.997767,20.271708,851.0396494066437
2024-07-04 17:26:03.004048,3082,5353.3,9.6,1.968,18.8, 09.618e00 V DC   , 02.109e00 A DC   ,9.618,2.109,0.999986,20.284362,871.3237274255756
2024-07-04 17:26:04.004034,3083,5372.1,9.6,1.804,17.3, 09.656e00 V DC   , 02.109e00 A DC   ,9.656,2.109,0.999477,20.364504,891.6775807899836
2024-07-04 17:26:05.003511,3084,5389.1,9.6,1.763,16.9, 09.693e00 V DC   , 01.879e00 A DC   ,9.693,1.879,0.999924,18.213147,909.8893435908116
2024-07-04 17:26:06.003435,3085,5406.1,9.6,1.927,18.4, 09.627e00 V DC   , 01.968e00 A DC   ,9.627,1.968,0.999833,18.945936,928.8321156194995
2024-07-04 17:26:07.003268,3086,5424.6,9.6,1.968,18.8, 09.623e00 V DC   , 02.099e00 A DC   ,9.623,2.099,1.002096,20.198677,949.0731290464915
2024-07-04 17:26:08.005364,3087,5443.3,9.6,2.009,19.2, 09.613e00 V DC   , 02.145e00 A DC   ,9.613,2.145,1.001335,20.619885,969.7205415929666
2024-07-04 17:26:09.006699,3088,5462.3,9.6,1.968,18.8, 09.613e00 V DC   , 02.130e00 A DC   ,9.613,2.13,0.999404,20.475689999999997,990.1840280817266
2024-07-04 17:26:10.006103,3089,5481.2,9.6,2.009,19.2, 09.611e00 V DC   , 02.143e00 A DC   ,9.611,2.143,0.999669,20.596373,1010.7735836822636
2024-07-04 17:26:11.005772,3090,5500.4,9.6,2.009,19.2, 09.610e00 V DC   , 02.142e00 A DC   ,9.61,2.142,0.999972,20.584619999999997,1031.3576273129036
2024-07-04 17:26:12.005744,3091,5519.5,9.6,2.009,19.2, 09.610e00 V DC   , 02.145e00 A DC   ,9.61,2.145,0.99862,20.61345,1051.9426307519036
2024-07-04 17:26:13.004364,3092,5538.7,9.6,1.968,18.8, 09.613e00 V DC   , 02.125e00 A DC   ,9.613,2.125,0.999549,20.427625,1072.3610428930285
2024-07-04 17:26:14.003913,3093,5557.5,9.6,1.968,18.8, 09.615e00 V DC   , 02.125e00 A DC   ,9.615,2.125,1.004465,20.431875,1092.8841462149035
2024-07-04 17:26:15.008378,3094,5576.5,9.6,2.009,19.2, 09.614e00 V DC   , 02.128e00 A DC   ,9.614,2.128,0.995139,20.458592000000003,1113.2432889991915
2024-07-04 17:26:16.003517,3095,5595.7,9.6,2.009,19.2, 09.613e00 V DC   , 02.131e00 A DC   ,9.613,2.131,0.999985,20.485303,1133.7282847196464
2024-07-04 17:26:17.003502,3096,5614.9,9.6,2.009,19.2, 09.611e00 V DC   , 02.137e00 A DC   ,9.611,2.137,1.002133,20.538707000000002,1154.3108007816772
2024-07-04 17:26:18.005635,3097,5634.1,9.6,2.009,19.2, 09.609e00 V DC   , 02.147e00 A DC   ,9.609,2.147,0.997963,20.630522999999997,1174.8992994063262
2024-07-04 17:26:19.003598,3098,5653.3,9.6,2.009,19.2, 09.611e00 V DC   , 02.143e00 A DC   ,9.611,2.143,1.003452,20.596373,1195.5667710859223
2024-07-04 17:26:20.007050,3099,5672.5,9.6,2.009,19.2, 09.611e00 V DC   , 02.139e00 A DC   ,9.611,2.139,0.996571,20.557928999999998,1216.0542069473813
2024-07-04 17:26:21.003621,3100,5691.7,9.6,2.009,19.2, 09.612e00 V DC   , 02.137e00 A DC   ,9.612,2.137,0.999877,20.540844,1236.5925244235693
2024-07-04 17:26:22.003498,3101,5710.8,9.6,2.009,19.2, 09.613e00 V DC   , 02.135e00 A DC   ,9.613,2.135,1.000619,20.523754999999998,1257.1289836279143
2024-07-04 17:26:23.004117,3102,5730.0,9.6,2.009,19.2, 09.614e00 V DC   , 02.128e00 A DC   ,9.614,2.128,1.0015,20.458592000000003,1277.6182635159144
2024-07-04 17:26:24.005617,3103,5748.9,9.6,1.968,18.8, 09.616e00 V DC   , 02.126e00 A DC   ,9.616,2.126,1.001367,20.443616,1298.0898259389865
2024-07-04 17:26:25.006984,3104,5767.7,9.6,1.968,18.8, 09.617e00 V DC   , 02.126e00 A DC   ,9.617,2.126,0.99713,20.445742,1318.4768886594466
2024-07-04 17:26:26.004114,3105,5786.5,9.6,1.968,18.8, 09.617e00 V DC   , 02.126e00 A DC   ,9.617,2.126,1.000061,20.445742,1338.9238778497086
2024-07-04 17:26:27.004175,3106,5805.2,9.6,1.968,18.8, 09.617e00 V DC   , 02.124e00 A DC   ,9.617,2.124,0.999552,20.426508000000002,1359.3412347741246
2024-07-04 17:26:28.003727,3107,5824.0,9.6,1.968,18.8, 09.617e00 V DC   , 02.127e00 A DC   ,9.617,2.127,1.000123,20.455359,1379.7991097832817
2024-07-04 17:26:29.003850,3108,5842.7,9.6,1.968,18.8, 09.616e00 V DC   , 02.127e00 A DC   ,9.616,2.127,1.006943,20.453231999999996,1400.3943485730576
2024-07-04 17:26:30.010793,3109,5861.7,9.6,1.968,18.8, 09.616e00 V DC   , 02.128e00 A DC   ,9.616,2.128,0.994923,20.462848,1420.7533066937617
2024-07-04 17:26:31.005716,3110,5880.4,9.6,1.968,18.8, 09.616e00 V DC   , 02.128e00 A DC   ,9.616,2.128,1.000738,20.462848,1441.2312562755858
2024-07-04 17:26:32.006454,3111,5899.2,9.6,1.968,18.8, 09.617e00 V DC   , 02.124e00 A DC   ,9.617,2.124,0.999058,20.426508000000002,1461.6385225050499
2024-07-04 17:26:33.005512,3112,5917.9,9.6,1.968,18.8, 09.618e00 V DC   , 02.122e00 A DC   ,9.618,2.122,0.999962,20.409396,1482.047142948002
2024-07-04 17:26:34.005474,3113,5936.7,9.6,1.968,18.8, 09.618e00 V DC   , 02.121e00 A DC   ,9.618,2.121,1.00134,20.399778,1502.474256650522
2024-07-04 17:26:35.006814,3114,5955.4,9.6,1.968,18.8, 09.619e00 V DC   , 02.121e00 A DC   ,9.619,2.121,0.996702,20.401899,1522.80887018762
2024-07-04 17:26:36.003516,3115,5974.1,9.6,1.968,18.8, 09.619e00 V DC   , 02.120e00 A DC   ,9.619,2.12,1.000112,20.39228,1543.20343412298
2024-07-04 17:26:37.003628,3116,5992.9,9.6,1.968,18.8, 09.619e00 V DC   , 02.120e00 A DC   ,9.619,2.12,0.999851,20.39228,1563.5926756732601
2024-07-04 17:26:38.003479,3117,6011.6,9.6,1.968,18.8, 09.619e00 V DC   , 02.121e00 A DC   ,9.619,2.121,1.000555,20.401899,1584.0058977272051
2024-07-04 17:26:39.004034,3118,6030.4,9.6,1.968,18.8, 09.619e00 V DC   , 02.121e00 A DC   ,9.619,2.121,1.001766,20.401899,1604.443826480839
2024-07-04 17:26:40.005800,3119,6049.1,9.6,1.968,18.8, 09.619e00 V DC   , 02.122e00 A DC   ,9.619,2.122,0.99795,20.411517999999997,1624.8135008689392
2024-07-04 17:26:41.003750,3120,6067.9,9.6,1.968,18.8, 09.618e00 V DC   , 02.123e00 A DC   ,9.618,2.123,1.000904,20.419014000000004,1645.250973657595
2024-07-04 17:26:42.004654,3121,6086.6,9.6,1.968,18.8, 09.618e00 V DC   , 02.123e00 A DC   ,9.618,2.123,0.999405,20.419014000000004,1665.657838344265
2024-07-04 17:26:43.004059,3122,6105.4,9.6,1.968,18.8, 09.618e00 V DC   , 02.125e00 A DC   ,9.618,2.125,1.000274,20.43825,1686.101688424765
2024-07-04 17:26:44.004333,3123,6124.1,9.6,1.968,18.8, 09.618e00 V DC   , 02.126e00 A DC   ,9.618,2.126,1.002046,20.447868,1706.591392762693
2024-07-04 17:26:45.006379,3124,6142.9,9.6,1.968,18.8, 09.618e00 V DC   , 02.127e00 A DC   ,9.618,2.127,0.999902,20.457486,1727.046873929065
2024-07-04 17:26:46.006281,3125,6161.7,9.6,2.009,19.2, 09.617e00 V DC   , 02.129e00 A DC   ,9.617,2.129,0.997036,20.474593000000002,1747.460780235413
2024-07-04 17:26:47.003317,3126,6180.7,9.6,2.009,19.2, 09.617e00 V DC   , 02.129e00 A DC   ,9.617,2.129,1.000253,20.474593000000002,1767.940553307442
2024-07-04 17:26:48.003570,3127,6199.8,9.6,2.009,19.2, 09.617e00 V DC   , 02.129e00 A DC   ,9.617,2.129,0.999972,20.474593000000002,1788.4145730188382
2024-07-04 17:26:49.003542,3128,6218.9,9.6,2.009,19.2, 09.617e00 V DC   , 02.130e00 A DC   ,9.617,2.13,0.999841,20.48421,1808.895526029448
2024-07-04 17:26:50.003383,3129,6238.1,9.6,2.009,19.2, 09.617e00 V DC   , 02.130e00 A DC   ,9.617,2.13,1.000972,20.48421,1829.3996466815681
2024-07-04 17:26:51.004355,3130,6257.3,9.6,2.009,19.2, 09.617e00 V DC   , 02.130e00 A DC   ,9.617,2.13,1.001515,20.48421,1849.914890259718
2024-07-04 17:26:52.005870,3131,6276.5,9.6,2.009,19.2, 09.618e00 V DC   , 02.129e00 A DC   ,9.618,2.129,0.997927,20.476722000000002,1870.349164015012
2024-07-04 17:26:53.003797,3132,6295.5,9.6,2.009,19.2, 09.618e00 V DC   , 02.128e00 A DC   ,9.618,2.128,1.001101,20.467104000000003,1890.8388022965162
2024-07-04 17:26:54.004898,3133,6314.4,9.6,2.009,19.2, 09.618e00 V DC   , 02.128e00 A DC   ,9.618,2.128,0.998642,20.467104000000003,1911.2781119692843
2024-07-04 17:26:55.003540,3134,6333.6,9.6,2.009,19.2, 09.618e00 V DC   , 02.128e00 A DC   ,9.618,2.128,1.000379,20.467104000000003,1931.7529730017002
2024-07-04 17:26:56.003919,3135,6352.6,9.6,2.009,19.2, 09.618e00 V DC   , 02.128e00 A DC   ,9.618,2.128,1.000044,20.467104000000003,1952.2209775542763
2024-07-04 17:26:57.003963,3136,6371.8,9.6,2.009,19.2, 09.618e00 V DC   , 02.128e00 A DC   ,9.618,2.128,1.002022,20.467104000000003,1972.7294660385642
2024-07-04 17:26:58.005985,3137,6391.0,9.6,2.009,19.2, 09.618e00 V DC   , 02.128e00 A DC   ,9.618,2.128,1.001417,20.467104000000003,1993.2255719249322
2024-07-04 17:26:59.007402,3138,6410.2,9.6,2.009,19.2, 09.618e00 V DC   , 02.128e00 A DC   ,9.618,2.128,0.996233,20.467104000000003,2013.615576344164
2024-07-04 17:27:00.003635,3139,6429.3,9.6,2.009,19.2, 09.618e00 V DC   , 02.128e00 A DC   ,9.618,2.128,0.999835,20.467104000000003,2034.0793032720042
2024-07-04 17:27:01.003470,3140,6448.5,9.6,2.009,19.2, 09.618e00 V DC   , 02.128e00 A DC   ,9.618,2.128,0.999914,20.467104000000003,2054.54464710106
2024-07-04 17:27:02.003384,3141,6467.7,9.6,1.968,18.8, 09.618e00 V DC   , 02.128e00 A DC   ,9.618,2.128,1.000279,20.467104000000003,2075.017461423076
2024-07-04 17:27:03.003663,3142,6486.6,9.6,2.009,19.2, 09.618e00 V DC   , 02.129e00 A DC   ,9.618,2.129,1.003558,20.476722000000002,2095.567039599952
2024-07-04 17:27:04.007221,3143,6505.8,9.6,2.009,19.2, 09.618e00 V DC   , 02.129e00 A DC   ,9.618,2.129,0.997699,20.476722000000002,2115.99664466263
2024-07-04 17:27:05.004920,3144,6525.0,9.6,2.009,19.2, 09.618e00 V DC   , 02.129e00 A DC   ,9.618,2.129,0.998623,20.476722000000002,2136.445170216436
2024-07-04 17:27:06.003543,3145,6544.1,9.6,2.009,19.2, 09.618e00 V DC   , 02.129e00 A DC   ,9.618,2.129,0.999871,20.476722000000002,2156.919250719298
2024-07-04 17:27:07.003414,3146,6563.3,9.6,2.009,19.2, 09.618e00 V DC   , 02.129e00 A DC   ,9.618,2.129,0.999939,20.476722000000002,2177.394723639256
2024-07-04 17:27:08.003353,3147,6582.5,9.6,2.009,19.2, 09.618e00 V DC   , 02.129e00 A DC   ,9.618,2.129,1.000126,20.476722000000002,2197.874025706228
2024-07-04 17:27:09.003479,3148,6601.7,9.6,2.009,19.2, 09.618e00 V DC   , 02.129e00 A DC   ,9.618,2.129,0.999844,20.476722000000002,2218.3475533375963
2024-07-04 17:27:10.003323,3149,6620.8,9.6,2.009,19.2, 09.618e00 V DC   , 02.129e00 A DC   ,9.618,2.129,1.002104,20.476722000000002,2238.867358360684
2024-07-04 17:27:11.005427,3150,6640.0,9.6,2.009,19.2, 09.618e00 V DC   , 02.128e00 A DC   ,9.618,2.128,0.999695,20.467104000000003,2259.328219893964
2024-07-04 17:27:12.005122,3151,6659.1,9.6,2.009,19.2, 09.618e00 V DC   , 02.128e00 A DC   ,9.618,2.128,1.001804,20.467104000000003,2279.8322465495803
2024-07-04 17:27:13.006926,3152,6678.3,9.6,1.968,18.8, 09.625e00 V DC   , 02.128e00 A DC   ,9.625,2.128,0.996765,20.482,2300.2479872795802
2024-07-04 17:27:14.003691,3153,6697.0,9.6,1.968,18.8, 09.627e00 V DC   , 02.102e00 A DC   ,9.627,2.102,0.999982,20.235954,2320.4835770324084
2024-07-04 17:27:15.003673,3154,6715.8,9.6,2.009,19.2, 09.627e00 V DC   , 02.125e00 A DC   ,9.627,2.125,1.000718,20.457375000000003,2340.9556404276586
2024-07-04 17:27:16.004391,3155,6735.3,9.4,2.173,20.4, 09.562e00 V DC   , 02.309e00 A DC   ,9.562,2.309,0.999824,22.078658,2363.0304125838506
2024-07-04 17:27:17.004215,3156,6755.9,9.4,2.337,21.9, 09.553e00 V DC   , 02.487e00 A DC   ,9.553,2.487,1.005488,23.758311000000003,2386.9191091946186
2024-07-04 17:27:18.009703,3157,6778.3,9.4,2.624,24.6, 09.462e00 V DC   , 02.799e00 A DC   ,9.462,2.799,0.997611,26.484137999999998,2413.3399765889367
2024-07-04 17:27:19.007314,3158,6803.3,9.2,2.911,26.7, 09.350e00 V DC   , 03.120e00 A DC   ,9.35,3.12,0.998277,29.172,2442.4617132329367
2024-07-04 17:27:20.005591,3159,6830.1,9.2,2.952,27.1, 09.309e00 V DC   , 03.120e00 A DC   ,9.309,3.12,0.999994,29.044079999999997,2471.505618968457
2024-07-04 17:27:21.005585,3160,6858.2,9.1,3.116,28.3, 09.244e00 V DC   , 03.120e00 A DC   ,9.244,3.12,1.001082,28.84128,2500.378105233417
2024-07-04 17:27:22.006667,3161,6886.6,9.2,3.075,28.2, 09.289e00 V DC   , 03.410e00 A DC   ,9.289,3.41,1.000482,31.67549,2532.068862819597
2024-07-04 17:27:23.007149,3162,6914.7,9.2,3.075,28.2, 09.287e00 V DC   , 03.213e00 A DC   ,9.287,3.213,0.996483,29.839131000000002,2561.80304959587
2024-07-04 17:27:24.003632,3163,6942.9,9.2,3.075,28.2, 09.287e00 V DC   , 03.216e00 A DC   ,9.287,3.216,1.002133,29.866992000000003,2591.733747889806
2024-07-04 17:27:25.005765,3164,6971.0,9.2,3.075,28.2, 09.284e00 V DC   , 03.218e00 A DC   ,9.284,3.218,0.997768,29.875912000000003,2621.542976854222
2024-07-04 17:27:26.003533,3165,6999.2,9.2,3.075,28.2, 09.284e00 V DC   , 03.231e00 A DC   ,9.284,3.231,0.999978,29.996604,2651.538920928934
2024-07-04 17:27:27.003511,3166,7027.3,9.2,3.075,28.2, 09.286e00 V DC   , 03.222e00 A DC   ,9.286,3.222,1.006503,29.919491999999998,2681.65297938541
2024-07-04 17:27:28.010014,3167,7055.4,9.2,3.075,28.2, 09.286e00 V DC   , 03.224e00 A DC   ,9.286,3.224,0.996166,29.938064,2711.476260848034
2024-07-04 17:27:29.006180,3168,7083.6,9.2,3.075,28.2, 09.284e00 V DC   , 03.245e00 A DC   ,9.284,3.245,1.000138,30.126580000000004,2741.606998316074
2024-07-04 17:27:30.006318,3169,7111.7,9.2,3.116,28.6, 09.277e00 V DC   , 03.260e00 A DC   ,9.277,3.26,0.99988,30.243019999999994,2771.846389153674
2024-07-04 17:27:31.006198,3170,7140.3,9.2,3.116,28.6, 09.274e00 V DC   , 03.264e00 A DC   ,9.274,3.264,1.002879,30.270335999999997,2802.203873451018
2024-07-04 17:27:32.009077,3171,7168.8,9.2,3.116,28.6, 09.273e00 V DC   , 03.264e00 A DC   ,9.273,3.264,0.997735,30.267071999999995,2832.4023905329377
2024-07-04 17:27:33.006812,3172,7197.4,9.2,3.116,28.6, 09.273e00 V DC   , 03.265e00 A DC   ,9.273,3.265,0.996586,30.276345,2862.5753720911075
2024-07-04 17:27:34.003398,3173,7226.0,9.2,3.116,28.6, 09.273e00 V DC   , 03.266e00 A DC   ,9.273,3.266,1.000341,30.285618,2892.8713174868453
2024-07-04 17:27:35.003739,3174,7254.6,9.2,3.116,28.6, 09.273e00 V DC   , 03.267e00 A DC   ,9.273,3.267,1.000008,30.294891,2923.1664508459735
2024-07-04 17:27:36.003747,3175,7283.2,9.2,3.116,28.6, 09.273e00 V DC   , 03.267e00 A DC   ,9.273,3.267,0.999752,30.294891,2953.4538287130054
2024-07-04 17:27:37.003499,3176,7311.8,9.2,3.116,28.6, 09.273e00 V DC   , 03.269e00 A DC   ,9.273,3.269,1.001988,30.313437,2983.8275288257614
2024-07-04 17:27:38.005487,3177,7340.4,9.2,3.075,28.2, 09.274e00 V DC   , 03.244e00 A DC   ,9.274,3.244,1.000939,30.084856,3013.9406345055454
2024-07-04 17:27:39.006426,3178,7368.6,9.2,3.075,28.2, 09.283e00 V DC   , 03.234e00 A DC   ,9.283,3.234,0.999988,30.021221999999998,3043.9614962508813
2024-07-04 17:27:40.006414,3179,7396.7,9.2,3.075,28.2, 09.287e00 V DC   , 03.216e00 A DC   ,9.287,3.216,0.999842,29.866992000000003,3073.823769266145
2024-07-04 17:27:41.006256,3180,7424.9,9.2,3.075,28.2, 09.291e00 V DC   , 03.212e00 A DC   ,9.291,3.212,1.000891,29.842692000000003,3103.693051104717
2024-07-04 17:27:42.007147,3181,7453.0,9.2,3.075,28.2, 09.292e00 V DC   , 03.210e00 A DC   ,9.292,3.21,0.996521,29.82732,3133.416601858437
2024-07-04 17:27:43.003668,3182,7481.2,9.2,3.075,28.2, 09.292e00 V DC   , 03.210e00 A DC   ,9.292,3.21,0.999651,29.82732,3163.233512123757
2024-07-04 17:27:44.003319,3183,7509.3,9.2,3.075,28.2, 09.293e00 V DC   , 03.208e00 A DC   ,9.293,3.208,1.000997,29.811944,3193.075178631925
2024-07-04 17:27:45.004316,3184,7537.5,9.2,3.034,27.9, 09.293e00 V DC   , 03.206e00 A DC   ,9.293,3.206,0.999149,29.793357999999998,3222.8431824842673
2024-07-04 17:27:46.003465,3185,7565.3,9.2,3.034,27.9, 09.293e00 V DC   , 03.205e00 A DC   ,9.293,3.205,1.000011,29.784065,3252.6275751089825
2024-07-04 17:27:47.003476,3186,7593.1,9.2,3.034,27.9, 09.293e00 V DC   , 03.204e00 A DC   ,9.293,3.204,1.002928,29.774772,3282.4895276413986
2024-07-04 17:27:48.006404,3187,7620.9,9.2,3.034,27.9, 09.293e00 V DC   , 03.204e00 A DC   ,9.293,3.204,1.000019,29.774772,3312.2648653620668
2024-07-04 17:27:49.006423,3188,7648.7,9.2,3.034,27.9, 09.293e00 V DC   , 03.203e00 A DC   ,9.293,3.203,0.999112,29.765478999999996,3342.003912616715
2024-07-04 17:27:50.005535,3189,7676.5,9.2,3.034,27.9, 09.294e00 V DC   , 03.203e00 A DC   ,9.294,3.203,1.000176,29.768682000000002,3371.777833904747
2024-07-04 17:27:51.005711,3190,7704.3,9.2,3.034,27.9, 09.294e00 V DC   , 03.204e00 A DC   ,9.294,3.204,0.999977,29.777976000000002,3401.555125011299
2024-07-04 17:27:52.005688,3191,7732.1,9.2,3.034,27.9, 09.294e00 V DC   , 03.204e00 A DC   ,9.294,3.204,0.998213,29.777976000000002,3431.279887768187
2024-07-04 17:27:53.003901,3192,7759.9,9.2,3.034,27.9, 09.294e00 V DC   , 03.205e00 A DC   ,9.294,3.205,0.999516,29.787270000000003,3461.052740729507
2024-07-04 17:27:54.003417,3193,7787.7,9.2,3.034,27.9, 09.294e00 V DC   , 03.205e00 A DC   ,9.294,3.205,1.00054,29.787270000000003,3490.856095855307
2024-07-04 17:27:55.003957,3194,7815.5,9.2,3.034,27.9, 09.293e00 V DC   , 03.205e00 A DC   ,9.293,3.205,0.999979,29.784065,3520.639535389942
2024-07-04 17:27:56.003936,3195,7843.3,9.2,3.034,27.9, 09.293e00 V DC   , 03.206e00 A DC   ,9.293,3.206,0.999845,29.793357999999998,3550.428275419452
2024-07-04 17:27:57.003781,3196,7871.1,9.2,3.075,28.2, 09.293e00 V DC   , 03.206e00 A DC   ,9.293,3.206,1.005919,29.793357999999998,3580.397980305454
2024-07-04 17:27:58.009700,3197,7899.1,9.2,3.034,27.9, 09.294e00 V DC   , 03.206e00 A DC   ,9.294,3.206,0.996303,29.796564,3610.084386408346
2024-07-04 17:27:59.006003,3198,7926.9,9.2,3.034,27.9, 09.294e00 V DC   , 03.206e00 A DC   ,9.294,3.206,0.999447,29.796564,3639.864472908454
2024-07-04 17:28:00.005450,3199,7954.7,9.2,3.075,28.2, 09.294e00 V DC   , 03.206e00 A DC   ,9.294,3.206,1.000068,29.796564,3669.663063074806
2024-07-04 17:28:01.005518,3200,7982.6,9.2,3.034,27.9, 09.294e00 V DC   , 03.206e00 A DC   ,9.294,3.206,1.000719,29.796564,3699.481050804322
2024-07-04 17:28:02.006237,3201,8010.4,9.2,3.034,27.9, 09.294e00 V DC   , 03.206e00 A DC   ,9.294,3.206,1.000564,29.796564,3729.294420066418
2024-07-04 17:28:03.006801,3202,8038.2,9.2,3.034,27.9, 09.294e00 V DC   , 03.206e00 A DC   ,9.294,3.206,0.996803,29.796564,3758.99572445131
2024-07-04 17:28:04.003604,3203,8066.0,9.2,3.034,27.9, 09.294e00 V DC   , 03.206e00 A DC   ,9.294,3.206,0.999937,29.796564,3788.790411267778
2024-07-04 17:28:05.003541,3204,8094.0,9.2,3.075,28.2, 09.294e00 V DC   , 03.206e00 A DC   ,9.294,3.206,1.000595,29.796564,3818.604704223358
2024-07-04 17:28:06.004136,3205,8122.1,9.2,3.075,28.2, 09.294e00 V DC   , 03.207e00 A DC   ,9.294,3.207,0.999571,29.805858,3848.397775510276
2024-07-04 17:28:07.003707,3206,8150.1,9.2,3.034,27.9, 09.294e00 V DC   , 03.207e00 A DC   ,9.294,3.207,1.006474,29.805858,3878.396596634968
2024-07-04 17:28:08.010181,3207,8178.1,9.2,3.034,27.9, 09.295e00 V DC   , 03.207e00 A DC   ,9.295,3.207,0.99631,29.809064999999997,3908.095666185118
2024-07-04 17:28:09.006491,3208,8205.9,9.2,3.034,27.9, 09.295e00 V DC   , 03.207e00 A DC   ,9.295,3.207,0.999838,29.809064999999997,3937.899902116588
2024-07-04 17:28:10.006329,3209,8233.7,9.2,3.034,27.9, 09.295e00 V DC   , 03.208e00 A DC   ,9.295,3.208,0.999196,29.818360000000002,3967.6942881551477
2024-07-04 17:28:11.005525,3210,8261.7,9.2,3.075,28.2, 09.295e00 V DC   , 03.208e00 A DC   ,9.295,3.208,1.000057,29.818360000000002,3997.5143478016676
2024-07-04 17:28:12.005582,3211,8289.9,9.2,3.075,28.2, 09.295e00 V DC   , 03.208e00 A DC   ,9.295,3.208,0.997837,29.818360000000002,4027.2682106889874
2024-07-04 17:28:13.003419,3212,8318.1,9.2,3.075,28.2, 09.295e00 V DC   , 03.209e00 A DC   ,9.295,3.209,0.99999,29.827655,4057.0955674124375
2024-07-04 17:28:14.003409,3213,8346.2,9.2,3.034,27.9, 09.295e00 V DC   , 03.169e00 A DC   ,9.295,3.169,1.000283,29.455855,4086.5597584194024
2024-07-04 17:28:15.003692,3214,8374.0,9.2,2.993,27.5, 09.309e00 V DC   , 03.158e00 A DC   ,9.309,3.158,1.003003,29.397821999999998,4116.045862078869
2024-07-04 17:28:16.006695,3215,8401.6,9.2,2.993,27.5, 09.311e00 V DC   , 03.158e00 A DC   ,9.311,3.158,0.99661,29.404138,4145.350320051049
2024-07-04 17:28:17.003305,3216,8429.0,9.2,2.993,27.5, 09.318e00 V DC   , 03.136e00 A DC   ,9.318,3.136,1.002887,29.221248,4174.655929794025
2024-07-04 17:28:18.006192,3217,8456.4,9.2,2.993,27.5, 09.318e00 V DC   , 03.136e00 A DC   ,9.318,3.136,1.000584,29.221248,4203.8942430028565
2024-07-04 17:28:19.006776,3218,8483.8,9.2,2.993,27.5, 09.317e00 V DC   , 03.137e00 A DC   ,9.317,3.137,0.998722,29.227429,4233.084319348594
2024-07-04 17:28:20.005498,3219,8511.2,9.2,2.993,27.5, 09.310e00 V DC   , 03.148e00 A DC   ,9.31,3.148,1.000654,29.307880000000004,4262.411366702115
2024-07-04 17:28:21.006152,3220,8538.6,9.2,2.993,27.5, 09.310e00 V DC   , 03.159e00 A DC   ,9.31,3.159,0.999993,29.41029,4291.821450830084
2024-07-04 17:28:22.006145,3221,8566.0,9.2,2.993,27.5, 09.311e00 V DC   , 03.157e00 A DC   ,9.311,3.157,0.997457,29.394827,4321.141526785023
2024-07-04 17:28:23.003602,3222,8593.4,9.2,2.993,27.5, 09.312e00 V DC   , 03.156e00 A DC   ,9.312,3.156,0.999981,29.388672,4350.529640400256
2024-07-04 17:28:24.003583,3223,8620.8,9.2,2.993,27.5, 09.312e00 V DC   , 03.153e00 A DC   ,9.312,3.153,1.000263,29.360736,4379.898098273824
2024-07-04 17:28:25.003846,3224,8648.2,9.2,2.993,27.5, 09.312e00 V DC   , 03.154e00 A DC   ,9.312,3.154,1.000268,29.370047999999997,4409.276017446688
2024-07-04 17:28:26.004114,3225,8675.6,9.2,3.075,28.2, 09.297e00 V DC   , 03.147e00 A DC   ,9.297,3.147,1.000513,29.257659,4438.548685625755
2024-07-04 17:28:27.004627,3226,8703.3,9.2,2.993,27.5, 09.318e00 V DC   , 03.147e00 A DC   ,9.318,3.147,1.001671,29.323745999999996,4467.921431605321
2024-07-04 17:28:28.006298,3227,8731.0,9.2,3.116,28.6, 09.277e00 V DC   , 03.230e00 A DC   ,9.277,3.23,1.001851,29.964709999999997,4497.941606283532
2024-07-04 17:28:29.008149,3228,8759.6,9.2,3.116,28.6, 09.276e00 V DC   , 03.271e00 A DC   ,9.276,3.271,0.998507,30.341796,4528.238101982103
2024-07-04 17:28:30.006656,3229,8787.6,9.2,2.87,26.4, 09.390e00 V DC   , 03.084e00 A DC   ,9.39,3.084,0.999399,28.95876,4557.179457767344
2024-07-04 17:28:31.006055,3230,8812.3,9.4,2.173,20.4, 09.621e00 V DC   , 02.290e00 A DC   ,9.621,2.29,0.999996,22.03209,4579.211459638984
2024-07-04 17:28:32.006051,3231,8828.1,9.7,0.451,4.3, 09.621e00 V DC   , 00.481e00 A DC   ,9.621,0.481,0.997677,4.627701,4583.828410489561
2024-07-04 17:28:33.003728,3232,8830.4,10.3,0.0,0.0, 10.591e00 V DC   , 00.000e00 A DC   ,10.591,0.0,0.999586,0.0,4583.828410489561
2024-07-04 17:28:34.003314,3233,8839.5,9.6,1.886,18.1, 09.656e00 V DC   , 01.940e00 A DC   ,9.656,1.94,1.000366,18.73264,4602.567906635801
2024-07-04 17:28:35.003680,3234,8857.5,9.6,2.009,19.2, 09.646e00 V DC   , 02.156e00 A DC   ,9.646,2.156,0.999884,20.796776000000005,4623.362270209785
2024-07-04 17:28:36.003564,3235,8876.1,9.7,0.984,9.5, 10.036e00 V DC   , 01.654e00 A DC   ,10.036,1.654,,16.599543999999998,
